mass,x,y,vx,vy
1e+14,-8.83599,-6.42774,-48.7353,6.50656
1e+14,-9.518,-9.09235,45.1856,33.8045
1e+14,4.78714,-2.46285,24.2992,-3.62801
1e+14,-2.11996,9.91025,33.9999,36.8531
1e+14,1.99383,-9.65888,7.74047,-5.97311
1e+14,5.7251,1.70751,15.7335,32.4703
1e+14,2.30527,4.66086,-9.4305,1.69046
1e+14,-8.43076,4.24064,-24.5039,-37.5999
1e+14,0.166511,-1.46981,-37.5962,20.2654
1e+14,0.3283,-2.25416,-15.6074,-14.0655
1e+14,6.38415,-1.53941,-28.5161,30.1263
1e+14,4.43409,3.7344,35.4017,-3.96132
1e+14,3.11122,-9.70936,19.9306,-25.9168
1e+14,1.44413,-8.48728,-25.6515,-25.0546
1e+14,-4.39416,7.43907,-28.7909,11.2559
1e+14,-3.44374,1.14466,41.9397,-19.1002
1e+14,-8.20953,2.48716,-8.6347,-23.3677
1e+14,-7.1467,5.47422,8.70279,-32.1494
1e+14,-8.56424,0.889063,26.4189,22.8986
1e+14,2.14095,3.01095,12.3605,43.5718
1e+14,2.8441,0.875335,25.2757,9.04469
1e+14,4.7763,-4.68421,-41.2635,-15.7837
1e+14,6.85847,-9.67842,-37.6068,43.2697
1e+14,-5.20901,-7.87598,-25.9359,-4.96972
1e+14,-5.66576,-4.44602,42.2525,38.1193
1e+14,-7.29615,-6.44861,-21.6775,-34.5532
1e+14,3.7531,-1.70266,-8.8517,29.4174
1e+14,7.25976,-5.18152,17.0943,4.38724
1e+14,5.1291,4.72028,-29.2501,-6.82301
1e+14,9.42616,5.4091,-31.5684,30.6448
1e+14,6.9471,-0.0417309,-45.9616,23.4447
1e+14,2.84072,3.91721,-6.79141,-43.1538
1e+14,-2.4618,4.53673,-17.2211,-35.6109
1e+14,-0.468777,1.2829,44.1456,-44.4519
1e+14,7.87166,-0.994686,8.15085,-8.66666
1e+14,4.6432,-1.74151,11.5514,44.0664
1e+14,-6.38499,7.52536,-47.8963,6.69769
1e+14,7.46669,-7.40505,-6.3727,-6.04883
1e+14,8.14946,7.97914,16.5783,30.7634
1e+14,1.21172,5.31923,26.6849,-7.39537
1e+14,-7.36603,-0.949183,1.22814,41.3794
1e+14,-5.60361,0.119758,35.4293,-39.5626
1e+14,-9.98666,-5.84465,-36.1363,-43.4135
1e+14,6.77442,-2.24259,45.2586,-38.714
1e+14,1.51041,5.53142,44.07,-16.3261
1e+14,-4.91095,1.71662,33.1018,41.7074
1e+14,-5.57468,6.35533,-43.9975,34.1389
1e+14,1.19846,2.49389,-29.704,-35.0505
1e+14,-1.13704,9.75773,-26.3719,-32.0644
1e+14,9.15596,4.21954,-9.02002,0.573914
1e+14,-5.45745,-3.31034,-10.6844,26.5944
1e+14,-0.40004,-3.47159,15.1784,3.49842
1e+14,9.4818,0.604037,-35.0772,-42.9971
1e+14,4.60401,-0.43974,-39.7526,-22.7749
1e+14,2.25781,7.06649,46.4048,26.1326
1e+14,4.59077,-2.93403,32.6285,-12.0353
1e+14,9.38739,-6.17245,39.047,-36.7854
1e+14,-4.67214,-4.59628,-1.95287,-21.9625
1e+14,5.22914,6.19599,-47.9536,43.9118
1e+14,-5.52842,3.79367,-20.0317,27.3857
1e+14,0.627174,0.925323,1.06561,9.65093
1e+14,1.45026,-5.50322,-40.4575,31.4635
1e+14,9.23177,-1.59072,36.9044,-47.7809
1e+14,5.81965,-9.1695,23.6858,-12.6656
1e+14,4.06397,3.09052,41.0679,28.8166
1e+14,5.81732,-8.24046,11.5707,-30.795
1e+14,1.70238,-8.16744,13.1843,-11.1913
1e+14,3.80048,-5.3436,49.4249,-16.1648
1e+14,0.901411,-9.98761,-49.6606,-44.8977
1e+14,3.90131,9.27822,-8.48321,22.6167
1e+14,9.74643,8.18099,-4.85639,-21.2978
1e+14,0.223598,-1.99592,-10.8337,17.7367
1e+14,2.42446,7.87173,-26.7666,33.8676
1e+14,-0.0740805,-5.07995,0.619293,8.45479
1e+14,4.95609,-3.03965,6.7603,20.3382
1e+14,8.90715,2.45458,-37.1616,25.1707
1e+14,6.88956,-7.09891,-29.1889,21.8084
1e+14,-3.71427,-5.6957,43.2455,27.8087
1e+14,4.81767,-9.38221,-37.9265,-30.9916
1e+14,-4.29033,-7.50552,-33.886,-21.2662
1e+14,-5.6296,3.35717,-26.2608,34.6625
1e+14,-6.91985,-1.98998,19.6861,-36.5999
1e+14,-4.20208,-4.28677,-27.6923,-24.9968
1e+14,-9.03405,4.70499,-38.3552,-36.4637
1e+14,0.0616875,-3.23186,-16.2434,-2.66554
1e+14,0.423551,-1.37769,10.3189,29.8865
1e+14,-0.26203,-3.92796,26.0797,22.0562
1e+14,4.13667,5.00965,14.1106,-43.8376
1e+14,-6.23367,-9.2695,-13.8025,21.3761
1e+14,-1.92734,7.1453,37.9015,10.9175
1e+14,-7.54144,-8.92241,-45.0249,-33.9881
1e+14,6.94254,3.20131,5.67467,-25.8086
1e+14,0.844879,-0.108365,22.0763,36.4196
1e+14,5.40481,-1.37758,-6.42478,18.726
1e+14,-6.14951,5.27021,34.7302,10.7734
1e+14,3.81953,-5.15604,-18.2619,-28.249
1e+14,-9.26442,-7.08629,12.5149,37.434
1e+14,-3.6983,2.67004,3.89859,23.4713
1e+14,-9.67768,7.22262,-23.6107,-25.1829
1e+14,6.11921,5.49283,-47.0778,-35.9296
1e+14,-9.39637,-4.78256,-9.65962,-49.2025
1e+14,0.927597,-9.87893,-2.33565,44.69
1e+14,-7.8881,4.72823,24.0241,-26.6996
1e+14,2.54398,-3.38949,37.1472,32.2611
1e+14,2.04378,9.75459,-35.4049,-49.7346
1e+14,5.47248,-3.97212,27.3793,-36.8223
1e+14,-8.34208,-5.39341,2.71556,40.3438
1e+14,5.23553,-6.42544,-34.9962,18.601
1e+14,0.14658,3.56769,38.0038,30.291
1e+14,-7.57092,-4.45696,10.7273,-6.15445
1e+14,6.01667,2.14198,-40.4495,-34.2696
1e+14,8.85435,-4.92624,0.972633,47.114
1e+14,8.00263,0.148659,23.109,-7.316
1e+14,5.81528,-2.55502,-7.47778,21.0049
1e+14,-0.62804,4.53547,-10.8225,6.69345
1e+14,-4.97334,-6.84907,38.5585,-47.0593
1e+14,-9.79359,-0.928329,38.7975,-30.8413
1e+14,3.99763,8.22672,-12.119,15.2686
1e+14,1.29287,9.2757,32.4262,-12.5599
1e+14,0.0211926,-3.80401,-16.9432,36.1814
1e+14,7.81264,7.0116,29.7997,42.7464
1e+14,-2.13512,-4.98161,19.9316,-8.91954
1e+14,8.5563,5.81222,-29.295,38.8316
1e+14,8.81213,5.40144,29.6012,7.1901
1e+14,-6.70181,2.74046,10.4166,-28.5615
1e+14,-4.42536,2.90922,-5.75481,-21.1354
1e+14,-0.551355,-6.63118,-23.3258,-36.1101
1e+14,8.2196,6.75901,48.3982,28.1514
1e+14,-8.71244,9.96688,-6.43714,10.975
1e+14,-0.469721,5.40272,-33.0217,4.45634
1e+14,-0.765019,2.31457,17.8288,48.6581
1e+14,7.40079,5.09326,4.91832,-37.6785
1e+14,6.63111,8.98018,12.2665,-36.9291
1e+14,-6.0076,-9.77431,49.1944,9.62516
1e+14,1.239,3.8878,16.1697,-36.0382
1e+14,9.73772,1.92837,11.4862,47.8699
1e+14,-8.17568,-8.60419,-49.2991,29.9732
1e+14,8.84199,7.24843,46.4915,-17.4841
1e+14,3.07447,-7.4572,22.1327,-14.9571
1e+14,-7.3088,1.03619,33.9555,-10.3015
1e+14,-2.68012,-4.74787,-23.3488,-22.8901
1e+14,-8.75725,-3.16854,13.0135,18.0018
1e+14,8.01022,7.76293,31.3688,14.6689
1e+14,8.09838,9.53271,-42.0709,13.9549
1e+14,-9.79149,-5.6458,-18.6958,-21.018
1e+14,-7.82363,8.17573,-45.1441,-36.2848
1e+14,-7.94513,6.16063,47.6534,10.7253
1e+14,-7.86691,0.930717,8.68565,-20.1904
1e+14,1.03622,-4.18108,12.8286,10.7696
1e+14,-6.63363,8.589,43.2074,-13.419
1e+14,5.14438,1.54133,-22.9402,43.5429
1e+14,0.121203,-2.93797,25.791,-30.6003
1e+14,4.01278,2.82837,7.36784,31.2144
1e+14,7.98351,-1.20457,-17.6442,-46.5913
1e+14,4.63046,4.19132,-25.844,39.3897
1e+14,-3.13936,-3.26303,17.8897,-28.2868
1e+14,-7.42368,-9.86935,-8.48677,-37.1712
1e+14,-9.236,-9.40634,29.1908,9.94549
1e+14,0.335606,0.519971,37.9347,-31.2964
1e+14,1.07967,5.97801,-4.25773,40.299
1e+14,-1.82487,9.48389,-38.0677,-3.03499
1e+14,-7.60022,3.10679,-21.1448,19.7336
1e+14,-4.49497,-7.02341,-20.6758,2.44407
1e+14,5.82794,-9.88298,-12.3176,-22.0784
1e+14,-2.84618,4.23612,-16.239,-29.3458
1e+14,-4.50739,4.23793,-17.6502,-46.8033
1e+14,-3.57062,8.57455,34.4068,-25.425
1e+14,0.517281,-6.06323,-37.491,-11.1857
1e+14,-2.45009,1.2987,-23.4813,-49.849
1e+14,-3.3671,9.12195,36.0353,44.772
1e+14,-2.16802,2.01481,-36.8114,11.2923
1e+14,-0.288278,-5.07143,14.6892,-19.0338
1e+14,-6.79437,7.07551,21.9715,-25.1999
1e+14,1.47592,5.7302,-9.72412,-33.3785
1e+14,-0.980237,5.15672,36.9992,45.1654
1e+14,-7.54902,3.54988,45.207,-6.78513
1e+14,-2.67011,3.51923,14.3075,-33.7843
1e+14,-1.7479,3.09116,38.3927,-34.3017
1e+14,-6.99982,-5.92565,-34.2051,15.6164
1e+14,-9.51383,1.09343,37.712,25.6353
1e+14,-5.04078,-0.465156,-13.3569,10.0955
1e+14,1.61986,4.97629,10.6435,-15.4871
1e+14,-4.69975,-8.7701,-17.0906,-41.2699
1e+14,2.9009,-4.577,4.96905,14.7626
1e+14,-5.86658,0.431763,-28.1495,-8.92065
1e+14,-4.20715,-9.54864,-16.8226,-37.2179
1e+14,-6.12825,2.52252,-20.0594,-38.4084
1e+14,5.64047,-0.550402,-20.186,34.7491
1e+14,4.9713,-7.432,47.0534,26.5737
1e+14,-9.51426,-6.12498,-47.8956,18.6799
1e+14,-7.23046,-2.34357,-13.0207,-39.4084
1e+14,-8.8858,-3.68474,-41.5402,33.5608
1e+14,7.19196,-4.72812,-46.8495,0.54953
1e+14,9.81858,0.923079,-27.7759,-28.9136
1e+14,4.20091,4.7678,-29.105,31.4643
1e+14,-4.39497,-6.1951,-37.8629,38.0959
1e+14,-8.66556,-2.00429,-4.81012,-43.6987
1e+14,-4.85549,-6.19552,-30.7313,-0.792782
1e+14,7.97985,-2.63593,-40.298,11.3548
1e+14,-8.67704,4.97005,-10.4926,-49.3273
1e+14,-2.38418,9.04457,-41.9206,39.8874
1e+14,8.03537,-9.54128,-39.758,-13.1052
1e+14,5.63046,-8.84379,-1.68779,33.2319
1e+14,-3.1025,-3.78962,11.8394,-15.2922
1e+14,4.51033,5.12768,39.1639,27.3828
1e+14,5.14274,-5.94785,4.35569,6.07638
1e+14,6.57084,-3.92732,-27.6906,4.29183
1e+14,-6.84145,-4.28156,-31.9665,38.3689
1e+14,0.306582,-7.26695,-0.813454,28.274
1e+14,-3.7346,-7.48232,22.2081,-48.4988
1e+14,1.52242,7.35001,23.1133,-35.6038
1e+14,6.04096,-9.53223,-42.184,13.9246
1e+14,-1.1208,2.77264,-41.3083,31.7305
1e+14,-8.81503,5.87408,-1.16586,5.31064
1e+14,-2.25151,-1.07507,28.699,43.8501
1e+14,9.93485,-4.95711,-43.3809,-2.496
1e+14,0.432099,2.2952,28.9838,30.0412
1e+14,7.88076,-8.05647,-22.8835,-3.31175
1e+14,-9.66883,-4.04835,-25.7825,-26.7179
1e+14,0.593224,-9.68962,-2.67775,-4.98584
1e+14,-9.44019,-1.19053,32.411,31.4365
1e+14,-8.4925,6.55314,-46.2184,6.73871
1e+14,-7.88804,5.7405,-6.635,-14.4071
1e+14,4.35204,4.725,2.63475,-17.777
1e+14,6.40626,9.95173,-34.4991,-25.9813
1e+14,6.78605,-6.91426,-6.72494,-26.0288
1e+14,3.08092,1.06793,-39.5006,13.9832
1e+14,-9.38947,-8.78951,43.4208,-26.4977
1e+14,2.80281,6.79331,-26.0831,21.4859
1e+14,-9.69234,0.899858,-24.4322,-32.4596
1e+14,8.71112,7.81218,19.508,-29.7886
1e+14,2.66916,0.546126,-3.72635,-28.7313
1e+14,0.906298,-7.84188,-6.22975,-3.43877
1e+14,4.85898,4.85744,7.79232,-34.5139
1e+14,7.39197,-3.15742,-4.86197,-15.1344
1e+14,4.85315,6.89619,-34.1855,45.1136
1e+14,6.24771,5.22999,21.0511,5.82087
1e+14,-2.61224,-3.94232,2.20147,0.147968
1e+14,5.01348,1.56646,7.38225,-26.547
1e+14,-4.58618,0.0240765,37.779,-48.1658
1e+14,-7.24194,4.77165,23.3266,-49.9754
1e+14,9.28788,1.36562,-14.3286,-21.28
1e+14,6.81238,-4.29817,-39.9827,10.105
1e+14,-6.37922,4.48547,3.38959,-31.1675
1e+14,-1.91393,-7.37747,36.1449,-12.1681
1e+14,-4.75973,3.22141,33.8958,-14.0075
1e+14,-1.29637,-8.10432,10.7775,37.0437
1e+14,-4.64082,1.65521,-46.6713,-4.36861
1e+14,-3.80722,-7.89128,-4.27493,-48.7844
1e+14,-5.29713,-8.85482,-43.8555,20.24
1e+14,3.40645,-7.8105,-15.0782,-19.5385
1e+14,-3.19573,9.42463,44.8475,-47.6418
1e+14,-3.90684,-2.32968,-1.32885,-33.993
1e+14,-1.31693,6.40515,25.3495,49.4671
1e+14,-8.69751,0.964649,-43.4996,2.14532
1e+14,7.00817,6.26498,-35.6956,-35.2689
1e+14,0.219426,7.90095,-22.7027,36.3421
1e+14,-4.40222,-8.10394,-43.9153,16.1051
1e+14,4.99751,-6.77595,-14.9792,44.7507
1e+14,-3.31344,-8.93438,-16.6238,4.54474
1e+14,5.36539,-3.92341,-0.989727,-34.3472
1e+14,0.91544,5.78208,-4.00567,-23.2341
1e+14,-2.52849,3.61595,-2.83659,25.3934
1e+14,-3.50333,-0.421329,-33.6239,-16.5715
1e+14,-0.791201,2.29433,-6.44405,-5.14095
1e+14,1.93669,9.91303,4.29603,3.33847
1e+14,5.00486,-3.39997,41.457,-32.4671
1e+14,1.57722,8.38359,-16.0859,44.9639
1e+14,3.80316,-0.280308,15.3481,-44.7659
1e+14,-6.67699,-0.166656,44.3374,-21.0349
1e+14,5.47727,-3.53254,-4.88434,8.89079
1e+14,6.88683,6.92806,42.802,-26.5881
1e+14,-9.6272,-4.38033,-0.514896,46.1327
1e+14,-7.99298,2.01434,-0.604485,40.4034
1e+14,1.61018,2.33558,-25.0555,-7.38335
1e+14,-8.12927,-8.66283,-29.8903,34.3642
1e+14,-6.24411,-4.70226,19.3381,15.688
1e+14,0.175514,9.85836,45.682,-22.3835
1e+14,-7.48887,-5.43708,47.2898,-0.484169
1e+14,-2.68719,-3.61101,-4.71658,28.3505
1e+14,-6.80884,3.75791,49.0726,-36.7129
1e+14,-3.45451,0.01336,-3.73895,-40.5794
1e+14,1.55927,6.71932,22.6743,-13.4047
1e+14,-2.07178,-0.339465,-41.7962,30.7247
1e+14,4.35721,-8.41107,-26.9293,-0.605595
1e+14,9.18246,9.58769,-23.8687,38.0107
1e+14,4.8148,2.37856,1.94483,-13.2788
1e+14,3.06454,5.72859,-18.0561,31.6722
1e+14,9.49234,-2.31356,1.95126,-5.13789
1e+14,-3.22404,-6.4745,-19.8582,42.9752
1e+14,-6.68973,5.67759,15.1766,-27.0502
1e+14,-3.1966,-5.24606,15.8628,6.64509
1e+14,7.24786,-5.17155,47.598,-20.4358
1e+14,-6.80599,-8.29352,8.47974,19.0972
1e+14,-5.07528,-0.195946,-46.1361,-9.42616
1e+14,-6.59824,3.32154,33.7413,-9.78955
1e+14,3.10835,2.09211,25.2773,34.8138
1e+14,-6.22032,-4.86354,10.1609,-26.3778
1e+14,0.824306,-5.89035,-7.64,-5.38441
1e+14,1.21721,-2.32007,4.41076,31.5289
1e+14,3.74382,2.42831,33.1091,-35.4187
1e+14,6.27039,6.45024,-36.9263,-20.2337
1e+14,-3.10829,-0.982797,46.3508,18.5211
1e+14,-4.70998,-0.708228,10.6696,23.8696
1e+14,1.46066,9.36291,-15.9847,45.9039
1e+14,0.859365,3.34823,12.4446,-43.6066
1e+14,-4.03842,6.28539,-31.8544,23.6794
1e+14,7.94836,8.01178,-7.36914,46.9054
1e+14,3.17705,-3.32214,-30.5296,-10.7743
1e+14,-8.8163,4.45707,23.7551,-48.3515
1e+14,-7.51052,-9.27559,49.7589,-1.53136
1e+14,3.05985,6.84239,25.6563,4.83818
1e+14,7.14161,9.00626,-0.0342407,24.5157
1e+14,-7.2923,-1.76899,40.757,2.52059
1e+14,-4.78865,-2.76717,43.0148,-49.701
1e+14,2.51667,-2.30884,-38.9919,-36.7994
1e+14,8.2411,8.24946,-23.2812,12.6222
1e+14,1.32794,-1.31308,43.354,-49.0565
1e+14,-7.41253,-2.3533,-44.5903,-28.4011
1e+14,7.77283,-2.12622,40.5197,14.0917
1e+14,-6.90329,-3.65846,22.9548,0.819035
1e+14,8.03456,-3.19251,-38.587,-31.2227
1e+14,0.551353,6.57468,17.8005,-27.4646
1e+14,0.326451,6.66153,3.08767,-5.50356
1e+14,7.30919,5.51307,2.01051,-9.28562
1e+14,-9.71649,-4.97252,-9.39185,-48.8813
1e+14,-3.67038,-8.01312,34.118,21.3769
1e+14,9.99825,0.658002,17.1772,-3.62646
1e+14,-4.3826,1.69487,-4.76142,-25.1277
1e+14,4.7127,6.25895,28.6768,-29.5577
1e+14,-4.30885,1.20158,-29.1501,-26.5438
1e+14,0.411163,-9.57883,-24.9551,-20.4259
1e+14,-9.56953,4.98344,42.8806,-6.42279
1e+14,-8.07111,8.78746,-16.5568,29.4437
1e+14,9.34007,-1.50876,-46.0931,12.9438
1e+14,-1.91455,2.23239,11.5928,39.84
1e+14,0.498132,-7.90764,-0.788158,-46.5757
1e+14,-8.51719,-8.42678,-18.4055,-40.4143
1e+14,8.57195,8.68102,-44.6453,47.1912
1e+14,-3.18988,7.60941,9.5126,-21.7716
1e+14,-3.71481,5.11521,-43.6458,45.4918
1e+14,-5.47522,-2.051,-43.6656,12.4039
1e+14,7.06831,-3.00154,44.3148,-1.39017
1e+14,-2.78037,-9.67501,-34.3757,47.3663
1e+14,1.48915,8.09519,-39.346,11.5254
1e+14,-5.00999,-2.9191,-20.6643,-4.91611
1e+14,6.86876,3.2355,-6.24042,17.2568
1e+14,0.729673,3.60327,-4.32509,8.24678
1e+14,8.46119,7.31339,0.815159,0.41901
1e+14,-6.63161,2.47672,-19.0944,-20.2554
1e+14,-7.3034,-8.28671,30.7117,-27.9132
1e+14,3.61336,9.74151,26.4873,-28.7726
1e+14,5.73885,-7.08088,28.1571,36.1414
1e+14,-1.96136,-4.64048,-41.8229,-18.2311
1e+14,7.50838,-6.58843,37.578,-26.7961
1e+14,-8.94338,8.60286,41.0805,39.3381
1e+14,2.44793,2.38585,41.4693,-24.8758
1e+14,2.54396,-3.69096,-4.79664,-17.1707
1e+14,-5.15931,7.56061,30.4171,20.6803
1e+14,-4.39641,9.53032,-44.16,2.3846
1e+14,3.73927,5.82146,-19.1362,-22.1563
1e+14,1.18408,0.900284,6.41529,21.89
1e+14,5.38359,2.00795,-44.6668,-15.5633
1e+14,-7.9847,1.19442,38.3029,-43.0559
1e+14,-2.94176,-2.15325,-26.932,-46.7076
1e+14,8.98586,5.38444,-48.3359,19.322
1e+14,4.42024,-9.08898,-18.5564,23.313
1e+14,-7.03031,1.50711,7.86263,47.2044
1e+14,0.105196,8.03997,49.9924,22.3003
1e+14,-3.89193,8.36301,39.2575,0.0940399
1e+14,7.97882,0.000486374,-14.0393,42.2645
1e+14,-9.85973,7.57713,40.8235,20.8336
1e+14,8.35497,2.03858,43.8254,-26.0402
1e+14,-9.1277,-9.25817,11.9473,-1.65084
1e+14,-7.21847,-0.867308,-10.1099,-16.6857
1e+14,0.709337,1.82745,15.8598,-45.106
1e+14,-1.89687,-0.735605,-30.5343,9.48358
1e+14,0.532985,-2.12096,-16.5741,39.5432
1e+14,-6.00001,-2.13906,-34.9548,15.3192
1e+14,-7.29554,3.79173,44.1829,-17.9768
1e+14,-0.0682888,-7.73854,37.6659,-49.4437
1e+14,1.0099,-6.59227,-8.11687,-20.3246
1e+14,-9.71304,-6.98226,18.6137,40.4683
1e+14,-9.65288,4.10921,46.0931,-12.6464
1e+14,6.00436,-4.69331,17.1122,5.31505
1e+14,3.16788,2.52343,-2.3526,-40.1609
1e+14,-8.73477,-5.26479,-43.7724,17.0974
1e+14,9.93427,5.27793,-26.7474,-43.5146
1e+14,2.6625,8.61308,30.4924,-13.7613
1e+14,8.37352,-6.18204,0.232571,8.84999
1e+14,-5.47626,0.48931,-7.41384,-4.42836
1e+14,-6.338,-2.77614,19.2107,-25.3961
1e+14,-8.49994,1.55914,7.27631,-7.10076
1e+14,5.89303,4.12386,22.2155,-24.0478
1e+14,-2.5773,3.34295,48.186,-37.3781
1e+14,9.85792,2.12481,25.1113,45.722
1e+14,8.56231,6.81057,-41.8678,27.1817
1e+14,-6.27342,2.66818,26.4585,-12.7585
1e+14,1.00561,1.34221,20.5389,-2.92705
1e+14,1.52621,-9.01504,-7.45997,20.3134
1e+14,-3.12039,-4.36759,21.3628,43.8141
1e+14,-0.726295,-6.83893,-30.7555,-7.033
1e+14,2.59964,-7.85113,-9.23571,-24.5307
1e+14,5.26847,7.18296,30.1948,-16.1465
1e+14,-6.52664,6.70345,20.221,-45.9471
1e+14,-9.29911,9.89522,24.1866,4.27522
1e+14,-1.66382,-3.84582,45.0262,-44.2499
1e+14,0.640164,-0.749341,16.8822,38.389
1e+14,0.568411,-6.7163,29.1554,15.1665
1e+14,0.837297,-7.53794,-4.41105,-36.4846
1e+14,7.26482,-0.158508,49.6274,-12.7961
1e+14,4.22127,6.84666,-20.2124,-10.2504
1e+14,4.89621,-9.39867,-40.7976,14.2217
1e+14,9.81168,4.95022,-16.832,4.3404
1e+14,5.64304,2.63504,-8.52014,1.97704
1e+14,8.88024,-9.78199,35.1669,-49.2685
1e+14,5.26154,-9.31536,-29.6326,-34.4722
1e+14,1.14563,-5.42164,-16.4296,-32.141
1e+14,4.99901,-1.65236,-7.3824,24.0331
1e+14,-1.35195,-2.17022,43.7986,23.3292
1e+14,2.5703,-0.945108,25.3263,-40.0302
1e+14,9.79974,4.25894,-22.2101,15.2109
1e+14,-1.34386,-6.32324,0.280643,16.7129
1e+14,8.10018,-0.345003,26.8837,34.6725
1e+14,-7.99074,-0.447107,7.65296,23.3629
1e+14,0.275942,-2.23156,27.3335,-4.98594
1e+14,-7.82399,2.20406,-28.7878,-36.9453
1e+14,-7.16879,-5.89686,17.8379,0.860603
1e+14,4.77683,4.18714,-42.5061,-0.105675
1e+14,-4.04399,-7.35947,-34.0387,11.9938
1e+14,1.52485,8.18597,47.1485,25.0971
1e+14,3.18031,-8.6069,7.70956,-25.5063
1e+14,-1.533,-5.19877,19.2161,-35.3905
1e+14,-9.23383,6.99911,21.3885,-24.0403
1e+14,-4.36473,1.91221,-29.8811,-11.5917
1e+14,-4.64876,8.31125,-7.71027,13.3918
1e+14,-3.8519,1.12648,36.2447,-35.0163
1e+14,7.0071,8.42774,-36.0837,41.1338
1e+14,1.53076,7.43482,25.2788,-39.6675
1e+14,1.44427,-6.12842,-15.219,14.4765
1e+14,-7.24439,3.48442,-1.34417,8.47646
1e+14,6.38193,1.08138,13.4335,-22.8636
1e+14,3.88502,-4.55752,-26.4405,14.2631
1e+14,4.49158,9.89858,8.87336,34.5346
1e+14,-2.31385,-8.83824,27.5855,30.2843
1e+14,-4.29954,-2.28825,-21.1619,31.3726
1e+14,-5.98066,3.08149,6.94354,0.135071
1e+14,-8.73454,-1.35192,-47.0377,37.7079
1e+14,-3.34577,7.58594,-8.5846,18.6698
1e+14,7.86634,9.64414,-15.3336,-11.6297
1e+14,-4.2171,3.25241,45.5338,-12.6567
1e+14,3.4324,8.33537,15.9481,38.9669
1e+14,-7.89293,3.51165,-36.8634,37.0477
1e+14,-7.47003,-8.84228,1.70267,16.7111
1e+14,-0.782581,7.16231,38.7737,-30.2138
1e+14,5.95462,-0.658334,-15.566,-17.366
1e+14,-6.15838,-3.89679,-23.0973,3.21706
1e+14,3.28413,-3.62818,33.0649,22.4381
1e+14,1.50984,-4.10519,5.66393,-6.2886
1e+14,-0.818384,5.41719,20.7091,-42.4587
1e+14,8.29944,8.69082,33.7719,3.95916
1e+14,3.81953,-5.13678,33.4821,34.4094
1e+14,-0.985094,3.52112,30.4297,31.3795
1e+14,6.3089,-6.26081,-2.90343,2.12004
1e+14,8.08659,-8.60263,-26.8881,-8.10731
1e+14,9.18168,-3.47968,-21.8408,21.6485
1e+14,-4.96447,2.23294,-14.9719,-33.19
1e+14,9.80137,-8.30838,44.9687,-10.8973
1e+14,0.752549,8.08665,5.24808,4.4686
1e+14,-2.44885,2.24488,-38.2085,29.2073
1e+14,9.49997,6.04547,48.4086,4.07256
1e+14,4.20561,3.74354,31.2282,-47.0625
1e+14,4.91327,-2.65771,-11.9159,29.0667
1e+14,1.61507,4.44108,-40.9599,-12.292
1e+14,-4.63328,8.4928,5.86411,-41.8232
1e+14,2.03679,-7.6242,-7.91856,12.8048
1e+14,-4.99509,7.58858,0.722855,48.99
1e+14,-6.32461,2.21335,6.60424,-2.49489
1e+14,-8.79445,-8.35129,-0.977791,-33.7386
1e+14,-9.19503,-0.933788,-0.364151,-20.2978
1e+14,1.90869,-0.65384,29.1321,22.5864
1e+14,9.72985,9.58149,-45.4085,19.5662
1e+14,3.80645,-5.04038,-19.2084,-35.6685
1e+14,8.51115,6.8931,31.265,-29.1698
1e+14,-5.15543,-7.22679,-38.1356,-44.2629
1e+14,1.13583,9.91468,-3.67663,6.87843
1e+14,9.68339,8.77938,-19.6195,-44.6511
1e+14,-3.44897,-6.83046,-24.6847,23.7926
1e+14,9.86854,0.558825,2.05917,8.42205
1e+14,9.61205,9.67771,-39.0933,-41.8726
1e+14,4.71564,-4.23144,-33.5124,-42.9152
1e+14,-3.5743,6.74545,11.0888,-30.2028
1e+14,-1.38993,-0.51551,-45.8915,0.784977
1e+14,-1.59982,-8.23705,-20.8208,-35.7118
1e+14,-4.64808,-0.208871,-0.70084,20.9601
1e+14,-6.66539,-5.23434,47.5367,49.9772
1e+14,-0.648897,-6.01825,32.4847,-28.9465
1e+14,-8.14637,4.0238,-43.5531,2.91898
1e+14,-3.71814,9.21114,40.0968,7.45412
1e+14,-1.71356,0.261477,-42.0767,17.2007
1e+14,9.24113,-4.40029,-26.8168,-9.2672
1e+14,5.29729,-8.3809,21.9072,-6.03162
1e+14,-8.17985,1.19875,10.8121,18.5375
1e+14,-1.78628,-1.93409,37.0755,28.4341
1e+14,1.76946,-0.710073,-31.0169,-1.3382
1e+14,-8.57479,3.55731,28.9977,-36.2196
1e+14,-2.6242,-4.91847,38.4965,9.89391
1e+14,3.16177,-0.119248,-23.6944,-31.9798
1e+14,3.95806,3.07189,-21.0761,-26.345
1e+14,-7.25016,6.50131,46.5051,10.4816
1e+14,7.33115,-5.28188,37.3104,-24.1425
1e+14,0.931938,3.06878,37.5419,-32.5219
1e+14,-0.0844717,0.284016,-15.2048,-47.385
1e+14,-2.35763,-4.62182,-32.725,-9.85374
1e+14,-2.61211,-1.68597,5.37897,4.3843
1e+14,-6.15349,-1.63899,19.1039,-21.475
1e+14,-7.88831,1.17788,-32.5539,-33.3515
1e+14,0.498131,-7.91906,-16.8639,-31.7307
1e+14,1.85362,-6.26695,21.3687,43.6669
1e+14,-2.57054,-3.09173,-43.0473,3.76552
1e+14,-1.53779,-5.6,-13.7455,-21.3368
1e+14,2.9229,5.2371,3.97782,-44.7781
1e+14,-3.06489,8.41948,0.13765,13.4697
1e+14,8.63102,1.5948,30.874,-0.919666
1e+14,2.49794,2.96593,19.0442,-23.9774
1e+14,8.68001,4.91382,41.9626,-33.8167
1e+14,-4.23196,-6.57141,32.8447,21.6861
1e+14,-6.5257,2.55873,-28.037,-17.3162
1e+14,0.830153,-7.61385,23.0578,32.8259
1e+14,-3.21121,9.15684,-29.7918,-10.5144
1e+14,-4.11999,-4.67396,-4.8977,-15.6673
1e+14,9.59608,1.39791,23.8918,49.4525
1e+14,-4.81056,8.948,-26.4036,34.0082
1e+14,-0.0492401,-7.57836,45.14,-32.7899
1e+14,5.56861,-8.37628,-47.8527,38.914
1e+14,6.66085,8.87214,-0.79026,18.0421
1e+14,-7.03429,-5.22787,-29.7869,-27.8179
1e+14,-2.05071,-6.2274,-24.1437,16.0701
1e+14,-2.60078,8.66823,-19.9639,-33.0049
1e+14,-4.26082,8.35211,34.7502,46.2414
1e+14,8.37372,-2.95194,-30.7372,0.0619888
1e+14,8.60619,4.18354,33.9658,-37.2855
1e+14,-5.29205,-3.56352,-36.6124,-44.126
1e+14,5.02514,-2.42321,39.5364,-12.2137
1e+14,3.75682,0.897652,-34.7772,-0.617672
1e+14,4.55097,8.15433,34.1631,-20.8412
1e+14,-0.391972,-7.87614,49.2805,-42.0778
1e+14,-6.00357,-1.93487,28.3576,5.93027
1e+14,8.10152,2.26772,3.36915,25.3073
1e+14,9.83542,3.93195,-31.6906,-24.35
1e+14,4.10239,8.87383,21.2188,25.0622
1e+14,1.89983,-9.62142,12.1334,25.8172
1e+14,-4.40019,6.01856,-36.1674,34.3713
1e+14,-7.94631,6.41314,-30.659,14.0929
1e+14,6.12023,2.63728,27.9504,-36.9352
1e+14,9.58262,-4.87228,23.7339,-4.10853
1e+14,1.97637,-3.17231,-42.3678,24.3714
1e+14,5.61655,-2.58457,15.3134,-28.4448
1e+14,3.7875,-3.54873,5.47376,-2.45023
1e+14,6.64928,-5.46976,-17.1713,1.8881
1e+14,-0.342166,9.21823,48.8977,24.3469
1e+14,6.53673,2.79771,-46.3835,31.7923
1e+14,-3.73873,3.10248,5.58474,-37.3427
1e+14,-9.95766,1.6145,16.8225,35.1729
1e+14,3.32117,-1.07416,-25.2201,26.3293
1e+14,7.30878,-1.26817,32.8354,-34.8999
1e+14,8.29021,-6.47305,29.4486,42.1813
1e+14,7.20705,8.82307,37.2351,9.98608
1e+14,-3.51149,2.42421,47.1441,-49.6768
1e+14,-8.41211,-2.40045,18.4841,-36.9692
1e+14,8.58757,-8.63848,-22.1754,-1.18147
1e+14,9.68593,-8.56237,-34.5719,49.9464
1e+14,5.78709,3.61843,-38.4982,-39.9221
1e+14,-3.68299,-0.0374498,-25.1318,10.6433
1e+14,-9.89869,-7.22608,-47.0696,1.89508
1e+14,-2.00457,9.17842,-43.2414,41.6785
1e+14,5.38867,7.44811,8.98782,-41.8143
1e+14,-2.84049,-0.185441,2.16114,22.3351
1e+14,-3.9823,9.53741,16.4619,-25.7405
1e+14,-3.25693,0.829335,-23.5495,3.52137
1e+14,0.242868,1.89102,-6.81764,15.9696
1e+14,7.00299,-0.809173,11.8173,13.8178
1e+14,-1.89932,-1.86302,1.14206,-5.44473
1e+14,3.26273,-3.29822,41.1962,-14.7369
1e+14,-6.50986,8.8342,34.3204,22.7326
1e+14,-9.94243,-2.48279,-18.1887,3.28734
1e+14,-3.99026,-4.32888,-41.081,-48.5583
1e+14,6.38859,-7.03833,22.8102,-28.2066
1e+14,5.1159,2.93146,34.2737,38.0749
1e+14,-0.721377,-4.19106,45.1549,19.0454
1e+14,-9.45022,-9.92596,4.36226,16.526
1e+14,-1.12575,-0.498051,-27.7038,-18.0702
1e+14,3.85734,-9.66784,46.3503,8.89625
1e+14,0.0885468,8.19797,-37.2626,26.721
1e+14,4.39598,3.19193,16.1865,47.184
1e+14,-2.49694,-6.07553,34.1902,35.2108
1e+14,2.5157,1.37193,42.8479,44.1669
1e+14,9.33202,3.3167,-9.95284,22.6541
1e+14,-0.225085,-3.00667,18.6692,-26.8163
1e+14,6.34509,1.9456,34.2152,-44.3606
1e+14,-1.88231,4.02408,-1.39027,33.777
1e+14,-3.66328,-8.71296,-36.795,-14.0726
1e+14,-0.926789,3.45408,6.4685,16.0942
1e+14,-5.11207,1.35575,-36.2489,-35.0226
1e+14,-4.53798,-9.82273,30.1881,-28.4181
1e+14,6.43023,-7.12315,46.4835,48.2021
1e+14,0.700865,-0.57522,6.16372,-6.45544
1e+14,8.87675,-8.48446,-38.656,8.5705
1e+14,-5.91797,-3.2563,8.6987,-0.870445
1e+14,8.45029,3.95674,-42.7945,-46.3829
1e+14,-9.44132,-0.327412,4.94114,45.621
1e+14,9.37792,-5.24043,-14.0625,-48.3699
1e+14,5.68357,3.75487,20.2489,22.8196
1e+14,-2.17261,4.87999,40.7583,24.1738
1e+14,-5.91248,8.90077,-9.66517,-42.5852
1e+14,5.48371,4.73072,-23.9797,-27.4334
1e+14,-1.62726,-9.2894,45.9954,44.4453
1e+14,1.0423,-2.09689,-35.1211,19.9444
1e+14,-8.59987,1.98226,-12.1717,30.0444
1e+14,-1.45739,5.72643,-20.8304,4.02765
1e+14,9.90024,-6.73012,20.5478,46.2396
1e+14,-7.95143,0.357512,34.7294,-2.52512
1e+14,-7.27035,7.20159,43.4339,-6.33881
1e+14,4.70182,3.5677,-14.412,-23.0188
1e+14,7.31566,-5.73202,11.5992,47.1552
1e+14,-5.82928,7.24787,9.82078,-42.2163
1e+14,-6.71936,7.67053,-25.4078,-28.0974
1e+14,-0.872145,1.86897,-7.35146,44.0171
1e+14,8.31598,6.69003,-41.4364,-21.4172
1e+14,1.77156,-5.33942,-2.88492,13.1736
1e+14,4.00443,2.46542,1.55011,-47.1934
1e+14,-7.84549,0.843996,-18.8742,-18.209
1e+14,3.90202,1.28528,25.1445,2.81547
1e+14,1.60582,9.02128,8.36268,-48.4317
1e+14,0.894922,0.963991,3.18869,-7.71676
1e+14,0.634157,-1.71357,8.96888,39.9538
1e+14,-4.63147,-1.11788,-0.178062,7.31105
1e+14,-7.01996,-4.40736,-41.2231,-36.5464
1e+14,5.96863,-5.22534,27.6377,6.10042
1e+14,-3.71686,-9.20562,-11.2289,-24.711
1e+14,5.27426,4.43812,6.17646,7.86734
1e+14,-4.79728,-7.94413,-42.3883,-20.4631
1e+14,-9.00847,-5.38801,15.3107,27.4145
1e+14,-2.17468,-9.87582,18.7297,-9.66924
1e+14,-6.93734,4.18683,-14.1744,-29.8408
1e+14,2.31716,4.4939,40.5593,-20.2052
1e+14,2.98268,9.94366,44.526,49.2661
1e+14,-3.35828,-2.55066,15.3651,41.7614
1e+14,-5.61878,5.21773,-45.0078,-46.0896
1e+14,0.330638,-2.97095,-28.1674,-10.0433
1e+14,7.33732,-1.63398,35.8916,30.2158
1e+14,-2.73795,3.35607,-11.5868,-39.3416
1e+14,-9.5158,7.891,27.1322,10.6713
1e+14,6.81255,-1.53781,20.2348,-14.4384
1e+14,-0.477688,-8.5099,-29.721,-21.1818
1e+14,-6.32829,0.464864,-29.33,-48.9874
1e+14,-6.6053,4.69898,-35.1823,-8.09383
1e+14,3.96182,6.28344,-21.3056,16.6371
1e+14,-9.38365,8.9584,29.0801,49.1315
1e+14,1.14447,-4.829,19.4033,11.5253
1e+14,-8.07913,-5.88166,-4.95625,0.324841
1e+14,-9.34495,-0.639632,34.5351,31.2461
1e+14,5.01583,1.04752,48.5174,32.7617
1e+14,-8.95768,8.28527,28.5631,-39.5636
1e+14,7.28607,-2.99354,-47.2207,-38.9161
1e+14,7.50674,5.76993,38.055,-10.0293
1e+14,3.00168,9.30774,-24.1817,-21.7281
1e+14,7.30901,2.58193,-24.4898,0.133072
1e+14,-3.36389,3.04172,-27.0539,4.59232
1e+14,7.91586,1.89696,11.1457,25.6286
1e+14,-1.82141,7.51658,11.2602,-49.6168
1e+14,-7.699,2.82755,-44.4956,-37.3855
1e+14,-9.0421,9.4118,13.0533,-13.7053
1e+14,8.61515,-5.22225,20.2687,-44.2052
1e+14,-5.3186,-9.65796,48.216,-33.8803
1e+14,-7.97935,-8.91175,-6.6266,26.79
1e+14,1.64652,-7.00899,1.39481,42.5066
1e+14,2.70111,-2.51219,-0.36911,-3.66434
1e+14,-8.74186,-4.50422,-12.0732,-14.0265
1e+14,-0.0156631,-3.24439,-12.3726,-45.7488
1e+14,-8.61782,0.292316,-42.4037,21.4647
1e+14,8.29525,-1.80927,-35.1944,-12.409
1e+14,-5.74184,-3.06674,-41.6496,-4.86278
1e+14,-7.93194,7.91141,-13.2185,37.1607
1e+14,-6.75901,1.28211,35.5941,30.1997
1e+14,-1.84897,4.32262,41.7965,-25.4959
1e+14,-7.03073,-5.48732,-48.9176,42.3969
1e+14,4.4823,-6.0401,-26.6139,-0.0819664
1e+14,-5.28939,1.16512,20.1334,-18.7735
1e+14,5.5671,6.27066,10.7552,-36.7687
1e+14,-2.92251,1.37258,-44.6524,27.5174
1e+14,-8.5527,-5.17679,44.4803,-18.8756
1e+14,-0.223039,-8.60822,-31.9179,-43.7794
1e+14,5.40492,0.507475,8.64748,38.2
1e+14,4.32127,7.58701,45.6885,-13.737
1e+14,-4.82476,-9.82373,-25.7138,27.5823
1e+14,-2.63704,-0.773022,-36.8305,-11.0141
1e+14,-0.109734,-4.28932,39.0913,7.31835
1e+14,9.94365,2.89443,47.3149,22.2853
1e+14,-8.94667,-6.74992,33.2997,-31.3586
1e+14,-6.47511,-7.17747,-29.3328,4.1154
1e+14,3.94744,4.54912,41.4972,44.0661
1e+14,-9.39239,2.0537,-14.462,36.7141
1e+14,-1.98379,-1.6035,-17.7046,38.5845
1e+14,-4.66981,-5.48149,49.9048,-49.814
1e+14,-3.96853,0.950472,-37.0119,40.8687
1e+14,-1.86916,4.95669,-27.0286,30.0048
1e+14,-9.84018,-3.84857,35.3116,-18.5845
1e+14,7.67051,-1.68849,-14.5303,-10.3922
1e+14,-5.29671,-1.83786,7.64944,-35.7426
1e+14,-0.0582714,0.639221,-44.3277,-16.4396
1e+14,-6.66788,-7.00383,16.9839,48.6682
1e+14,-5.57598,4.58034,33.4544,-32.5298
1e+14,-2.71759,5.51992,8.66381,12.6308
1e+14,0.715805,-9.46037,-33.3006,16.1661
1e+14,-2.23939,2.57567,-2.30332,-11.8767
1e+14,-9.11736,4.60431,46.3144,5.75084
1e+14,7.1162,2.00111,23.4006,-6.64392
1e+14,-6.76002,4.31125,-36.3107,26.2311
1e+14,-7.96804,1.18967,-4.05628,26.0404
1e+14,9.13992,-5.39966,-26.3117,-20.0366
1e+14,-8.36722,-7.91592,39.539,32.0437
1e+14,2.21737,7.4177,-14.1462,44.8332
1e+14,3.52242,1.33393,46.2505,32.4042
1e+14,-0.0264082,-3.83614,-3.07706,-16.1421
1e+14,0.491076,-6.50218,29.9809,-11.4177
1e+14,-5.69625,3.07126,-10.4619,-33.2557
1e+14,-4.2557,-5.6159,-6.35659,-35.2009
1e+14,-3.35911,3.5267,-32.4413,-40.1747
1e+14,3.31554,4.26841,-34.172,-28.7489
1e+14,0.731212,9.48085,-4.44207,42.2088
1e+14,-3.22361,0.873205,22.9901,-5.71286
1e+14,-7.59988,8.87076,-20.1383,35.4532
1e+14,2.15419,5.3916,-45.9247,43.4825
1e+14,-3.88538,-1.66601,-17.0099,15.0164
1e+14,-3.07648,-6.40578,-3.11901,-21.2956
1e+14,9.09099,-7.66369,-9.31039,20.3216
1e+14,4.40047,-1.35498,-17.7923,-35.6327
1e+14,8.38692,-1.07171,34.345,36.404
1e+14,-4.21274,-3.49497,39.0493,1.66472
1e+14,0.245166,0.502725,0.280251,10.1982
1e+14,-4.22516,7.66729,46.5139,-40.7759
1e+14,4.33594,-5.87297,20.6626,-22.9653
1e+14,4.71098,-2.52456,-34.8546,-0.540039
1e+14,-9.41803,-8.83348,48.7712,-1.69257
1e+14,-1.08995,1.27164,-21.6407,-14.4645
1e+14,1.67394,-6.12788,-37.8443,-49.4253
1e+14,1.74585,2.42867,43.8171,34.1292
1e+14,-0.36739,5.27382,-6.49972,-40.7748
1e+14,-4.0374,3.48916,-14.4603,-33.8502
1e+14,3.49535,6.29771,11.3066,29.4412
1e+14,-9.97962,-7.54876,27.9914,-48.102
1e+14,1.86445,-4.13841,39.9051,-15.368
1e+14,8.86047,-2.1225,28.3685,-10.0467
1e+14,-5.67049,-3.83828,35.6511,-12.0859
1e+14,-5.96441,-3.85837,-49.83,7.8997
1e+14,4.29224,-0.302746,-37.7415,-20.5616
1e+14,3.69823,-3.84556,-41.2807,-4.48512
1e+14,0.427866,-8.86168,38.7318,-34.4141
1e+14,8.40032,4.18701,8.72882,5.42286
1e+14,-6.94272,-6.21243,-44.7052,39.1423
1e+14,-1.89664,3.24144,38.6806,5.62209
1e+14,8.18402,8.8784,-5.36196,-18.4542
1e+14,5.89452,9.12253,-3.45414,46.2801
1e+14,-0.671914,7.14201,11.8929,-15.8983
1e+14,-7.61804,3.53247,-21.5157,-14.1214
1e+14,7.56132,3.08051,-48.5653,-37.8391
1e+14,0.896126,1.18482,-29.2787,12.3225
1e+14,5.807,-1.65762,-33.2688,-48.252
1e+14,4.56021,3.41995,2.1746,48.4812
1e+14,-1.32777,4.13808,-4.51617,-3.30854
1e+14,1.76415,-9.98468,43.9903,44.8866
1e+14,-4.76462,0.956873,37.0198,-7.96834
1e+14,-4.56304,8.90979,10.7838,43.7304
1e+14,-7.45277,1.27418,34.332,18.7816
1e+14,6.8227,9.16266,-24.114,16.0311
1e+14,-9.96931,5.73926,-15.6964,-9.45141
1e+14,-8.72056,-6.38522,-0.952728,-12.4795
1e+14,-7.27911,0.00511551,18.1767,-4.0838
1e+14,3.09664,5.23059,29.8363,-40.7916
1e+14,2.64833,-9.50186,-47.5321,27.8999
1e+14,-4.29521,-9.55013,11.518,-17.3809
1e+14,-0.827564,-8.86935,-45.1952,3.89694
1e+14,6.36674,5.858,-35.5449,-3.6811
1e+14,2.0279,2.8934,-23.1795,21.8605
1e+14,-9.1308,-1.40323,47.1854,45.2046
1e+14,6.20156,9.5493,-20.5227,-25.7077
1e+14,1.60567,6.49242,-24.7858,24.6628
1e+14,1.8643,-6.78576,-9.26183,36.3247
1e+14,5.86684,4.03177,-41.4926,34.6718
1e+14,1.55039,-2.64052,9.97926,21.3547
1e+14,-3.74643,-6.19634,4.07514,-9.16396
1e+14,7.90484,-3.2934,-9.55199,-40.2249
1e+14,-6.35703,-2.65128,38.777,24.6248
1e+14,-9.02084,6.72594,0.0433998,29.3898
1e+14,-6.22787,8.24456,14.0873,-34.7969
1e+14,-8.05162,-3.56206,31.6424,13.5217
1e+14,9.59403,6.91947,-38.0514,-29.6693
1e+14,8.72526,5.50496,-22.4168,40.0157
1e+14,-4.25023,6.44943,9.24678,10.7443
1e+14,-1.70523,0.268649,-21.7409,0.302933
1e+14,-5.16487,-6.04746,-24.1261,13.2608
1e+14,4.83571,-6.28947,1.49565,37.3014
1e+14,-5.59331,-6.77019,-35.3562,-31.3398
1e+14,9.72433,-3.21843,-32.8407,47.1499
1e+14,-6.74881,-7.31524,39.4073,18.2761
1e+14,-1.25076,-1.55168,-36.3271,-49.218
1e+14,-1.6806,-5.86387,4.55067,-16.8804
1e+14,5.84539,3.47689,29.9782,42.96
1e+14,-1.45323,-4.365,-19.6759,6.68726
1e+14,-5.31537,4.65203,-12.4506,42.2606
1e+14,-9.59988,-5.25514,33.701,13.5332
1e+14,8.30816,-4.70218,-15.509,40.1465
1e+14,-0.10322,5.17201,-47.8972,-8.78209
1e+14,-8.40824,2.68567,29.5314,33.6323
1e+14,2.33368,2.22732,-9.94524,-49.5977
1e+14,5.17623,-3.03436,-26.9574,26.2466
1e+14,7.38546,7.48769,7.21574,-24.9874
1e+14,0.846834,-7.26062,28.1677,14.9286
1e+14,7.5275,-5.31613,-46.4793,23.0938
1e+14,9.79907,-6.95671,-41.0569,-43.8419
1e+14,5.49808,6.25952,-7.43274,-22.1022
1e+14,-5.77098,7.14765,18.6259,45.8839
1e+14,-2.8169,-3.64601,-47.3543,15.927
1e+14,8.11688,0.432098,7.78999,26.3605
1e+14,3.23911,-0.2465,11.3985,-25.1076
1e+14,1.50807,6.17903,-14.678,6.52154
1e+14,-0.331282,-7.85119,-45.2761,43.8626
1e+14,0.433256,1.75343,24.9949,-9.85291
1e+14,2.18475,-0.840131,49.6684,-22.4305
1e+14,-9.05516,9.8477,-0.345432,-5.68485
1e+14,-5.64589,9.59249,-48.3497,-13.9602
1e+14,-7.63151,-2.74586,5.23137,23.714
1e+14,-2.64789,-3.11772,-48.526,23.3764
1e+14,0.542613,-0.289645,2.3069,-27.9644
1e+14,3.83286,-1.03402,-40.3453,16.173
1e+14,-6.33956,-8.91731,6.01859,-45.6733
1e+14,-4.15158,4.39877,34.1379,-44.9051
1e+14,2.69763,-0.973136,-49.4676,-2.06976
1e+14,-5.9783,2.75179,22.5388,9.47642
1e+14,-2.94584,9.22108,46.665,-1.00641
1e+14,6.13109,5.20785,-6.9663,17.4231
1e+14,5.57308,6.79052,41.4211,-34.9778
1e+14,0.122881,5.25042,41.1031,19.0219
1e+14,-6.63407,1.24271,18.7794,25.2197
1e+14,8.61155,-5.75374,30.7587,-38.9157
1e+14,-3.03393,8.69772,-15.3582,-25.0976
1e+14,8.64098,8.89659,13.1993,40.9141
1e+14,-0.399969,-2.28543,25.0694,41.9169
1e+14,2.49579,6.80654,44.2586,-45.284
1e+14,-6.6595,-6.27647,-12.4812,27.6353
1e+14,5.00316,8.17435,-43.3186,44.007
1e+14,5.95207,-3.53338,31.3739,1.19175
1e+14,-0.00309372,8.00184,-27.2675,15.5947
1e+14,-7.717,0.45765,34.4086,4.53748
1e+14,-6.81293,-4.94149,-41.3259,34.906
1e+14,-6.79353,1.16939,42.2008,-31.4889
1e+14,7.80649,3.62667,-30.3259,12.5031
1e+14,-7.82081,-4.28972,-32.5912,39.5943
1e+14,7.84212,2.56447,13.5113,-15.7292
1e+14,-7.96794,2.75306,5.0479,40.1238
1e+14,9.09027,0.183685,-46.3689,-21.4407
1e+14,1.64862,8.33411,35.9743,20.2064
1e+14,0.83186,1.05524,-42.8817,-13.2918
1e+14,-3.56696,-9.86511,-23.1255,29.8853
1e+14,-7.62104,-6.83788,-14.1287,39.4099
1e+14,4.48526,3.79587,-21.434,-41.5468
1e+14,1.15565,3.10279,-13.9989,21.2772
1e+14,-7.5753,1.99411,42.8091,-6.75539
1e+14,4.70991,-0.592983,-24.885,-41.5884
1e+14,3.3684,-7.24381,-31.3786,19.3917
1e+14,-8.90719,-3.16866,-33.2162,35.4171
1e+14,5.8724,-2.58383,21.65,-28.9564
1e+14,4.0975,6.69163,-32.4263,10.4373
1e+14,3.63254,-7.89597,31.0274,-22.6561
1e+14,-5.55531,-8.16428,-37.9109,32.0683
1e+14,6.94385,5.22252,14.3483,-48.8823
1e+14,-6.10592,-2.27711,-25.3974,45.4554
1e+14,0.635956,8.50545,42.784,-29.3864
1e+14,6.08491,9.08387,-44.7939,48.1008
1e+14,-8.15248,1.28893,-37.0678,2.10979
1e+14,6.07613,1.54976,15.2174,-41.1418
1e+14,4.07565,-0.626803,34.4797,0.268959
1e+14,-4.81508,-7.06702,26.5896,-7.92075
1e+14,-2.01257,-5.26983,22.9192,3.70619
1e+14,9.81038,3.00868,49.5979,-7.60106
1e+14,1.65219,8.37426,34.227,-46.7479
1e+14,4.49191,-4.42761,30.9808,-6.58521
1e+14,0.685792,6.0982,25.76,48.4562
1e+14,5.4656,0.434126,-37.9033,-41.3026
1e+14,-9.88756,-0.281193,-18.2472,18.4656
1e+14,2.71762,-4.89444,-30.0514,25.4426
1e+14,-5.39726,8.21799,-4.19922,23.7206
1e+14,-2.89244,6.79309,-1.60582,10.9053
1e+14,0.873812,6.14615,-43.0332,41.6793
1e+14,6.52325,-3.74234,-8.3852,-30.0867
1e+14,8.79165,1.16783,12.5059,-13.3371
1e+14,8.4527,4.46822,38.4321,29.0261
1e+14,-7.93645,-7.93174,-12.9488,-30.7931
1e+14,3.23455,3.15917,-43.7775,32.1602
1e+14,-9.73802,-6.94335,-19.0341,-6.51209
1e+14,-5.65586,2.01381,15.3797,-13.865
1e+14,8.22474,-6.79937,30.1714,-8.76176
1e+14,5.30264,1.48272,15.298,12.6511
1e+14,6.01891,-0.138524,0.459606,24.5689
1e+14,-8.48884,8.08515,-40.87,-2.51339
1e+14,3.66016,-3.65156,35.8934,-40.2678
1e+14,-6.20288,8.16919,41.5207,39.0176
1e+14,-9.35825,-4.16199,-2.47461,9.13626
1e+14,3.86407,3.50427,47.1404,-11.7321
1e+14,6.11021,-5.75285,-18.4119,-48.3947
1e+14,-7.40681,-6.23296,-40.5154,-42.3834
1e+14,5.23306,-8.02322,13.014,25.717
1e+14,-1.9966,3.07946,-31.3312,16.6115
1e+14,-7.85025,0.802308,-17.233,-35.6482
1e+14,6.44582,-5.14984,21.9637,44.6202
1e+14,9.95076,2.40543,33.3065,-17.222
1e+14,-3.83716,8.79554,40.7311,-31.6011
1e+14,1.41088,-7.27142,32.9822,31.1303
1e+14,7.77382,-5.32614,46.1417,2.93561
1e+14,-8.53011,-5.50663,18.0349,12.7421
1e+14,-0.964213,-5.52774,-49.6401,-1.35686
1e+14,-0.264367,-3.21336,-23.3474,0.333118
1e+14,-5.23854,-4.07061,-34.45,-1.77463
1e+14,-9.14375,0.905838,26.6431,-9.10607
1e+14,5.2631,-3.12536,22.1299,37.4264
1e+14,-1.22591,-3.79371,-39.3122,-19.4506
1e+14,4.31024,2.2542,-4.17268,-30.1528
1e+14,3.20721,3.6447,31.8642,41.7395
1e+14,0.703274,-0.0692196,-17.5775,-25.2988
1e+14,9.32653,-9.02585,-16.9282,-12.4623
1e+14,-7.26664,9.63582,12.6266,15.0035
1e+14,9.43723,-8.41722,46.4974,-17.9718
1e+14,-3.7147,7.00183,-41.4398,20.4666
1e+14,-3.27442,6.81925,-1.16954,43.4988
1e+14,-5.80305,8.19005,-44.1779,1.48575
1e+14,7.73028,2.83133,-49.0282,-17.5797
1e+14,-8.98225,-4.63428,30.4188,48.8341
1e+14,7.97979,-3.75009,-42.0405,25.9678
1e+14,-2.10982,0.226131,-39.0902,10.8044
1e+14,-5.56528,4.40823,2.93053,-46.4704
1e+14,3.92064,-5.76796,45.8386,10.116
1e+14,-2.48906,6.32989,-10.1161,-20.7599
1e+14,1.23656,2.90705,32.2704,-30.5524
1e+14,7.57094,4.80914,-5.65277,-6.1916
1e+14,-6.76073,-7.61629,36.4518,45.4671
1e+14,0.0579081,-6.73549,-35.1557,37.9247
1e+14,5.73412,-6.70808,-17.2074,-4.71657
1e+14,-9.30658,4.2773,-13.7974,7.863
1e+14,8.52873,2.33338,42.9144,-38.172
1e+14,-5.3844,4.35914,-14.6982,-33.1961
1e+14,-3.8531,0.899387,20.1775,22.9417
1e+14,-5.08585,2.15799,-19.9972,6.91822
1e+14,9.2473,-0.54014,47.0894,30.9839
1e+14,0.21899,0.553864,9.30251,47.2304
1e+14,-6.80006,-8.67574,44.0147,-44.1562
1e+14,-6.04409,-3.06989,34.392,26.7311
1e+14,9.37312,-5.9627,21.8613,22.4934
1e+14,4.01189,7.88079,24.4379,27.4302
1e+14,-7.90345,6.6487,-37.7521,0.384392
1e+14,0.907717,-4.01418,23.4061,-13.1728
1e+14,3.53163,-3.97757,-31.9201,18.6242
1e+14,-1.82294,1.922,45.1437,30.9449
1e+14,8.77456,-5.86896,15.3616,-17.8114
1e+14,-0.325675,6.37579,1.91802,36.2527
1e+14,1.25357,8.80636,-10.6193,21.5747
1e+14,-3.86086,-9.48871,42.3507,-11.8058
1e+14,-2.14871,6.70598,16.4816,5.77671
1e+14,-4.82219,-6.59102,37.3886,-9.06908
1e+14,-8.4813,-5.2089,23.7242,32.4244
1e+14,-4.99105,-4.5294,-30.0782,-25.0863
1e+14,-4.40538,-1.15295,-28.3685,11.3154
1e+14,4.32731,9.02474,11.5353,-26.3449
1e+14,8.7081,-3.00428,-6.19944,6.04769
1e+14,-3.46442,-6.47105,35.1354,20.0442
1e+14,5.87697,-5.81905,5.68203,-2.19971
1e+14,4.74347,3.48444,-3.60511,8.89056
1e+14,-5.36935,-2.68525,15.027,-41.7699
1e+14,-0.458213,-1.18625,44.969,-5.64659
1e+14,0.696171,0.533256,13.6216,38.0082
1e+14,-5.35607,0.553637,12.13,-30.834
1e+14,8.38576,-0.472338,24.8527,-1.27673
1e+14,-2.85176,-9.54445,7.08794,27.0593
1e+14,-3.92418,6.22823,32.5412,20.407
1e+14,4.91844,4.29012,-11.1155,-18.9252
1e+14,1.12068,-4.65817,20.0959,-47.8547
1e+14,-9.17476,-0.156921,-49.2537,-7.48176
1e+14,-9.83608,4.98497,13.0652,-13.7948
1e+14,-7.72721,8.78593,12.3184,35.8935
1e+14,4.19732,4.39519,25.4519,-29.9268
1e+14,8.48738,7.33551,49.6484,40.8189
1e+14,8.90852,5.52108,39.3732,45.4539
1e+14,-2.74962,7.12457,-35.7277,24.0784
1e+14,0.688463,-8.9847,13.3989,-3.90888
1e+14,-9.69726,-1.83692,-29.5348,9.02312
1e+14,-9.50451,-2.34881,34.5636,10.7724
1e+14,-2.8398,-8.58003,17.2905,1.05824
1e+14,9.95233,8.76308,-22.9155,-41.2001
1e+14,-1.92287,2.29769,5.54569,6.41937
1e+14,2.00435,7.16416,-13.2793,15.4227
1e+14,-1.76832,-0.2335,39.8164,-5.58154
1e+14,-4.21899,-8.61093,-22.1959,-46.7853
1e+14,-9.6767,3.73704,-19.8825,34.7862
1e+14,3.76258,-2.3595,42.356,-21.9778
1e+14,3.04269,-1.4366,19.2357,-4.97916
1e+14,1.4143,-9.9021,-24.937,-16.6415
1e+14,-7.51014,-2.95642,-22.9238,20.281
1e+14,6.34937,-6.23478,-43.1392,-40.9156
1e+14,-3.9087,6.51026,-39.9031,48.3358
1e+14,-0.12517,-3.72923,-10.5528,38.7576
1e+14,5.74146,-3.33148,14.0822,-19.7341
1e+14,-7.72391,4.21666,39.3557,-49.4757
1e+14,1.27568,0.320194,46.8359,-29.7729
1e+14,8.57648,4.88763,7.52201,22.4039
1e+14,6.52868,7.44284,31.9586,27.8237
1e+14,-9.34831,2.90626,-40.492,-49.7321
1e+14,-5.15378,0.478553,27.7276,17.8482
1e+14,2.60284,5.93512,15.1735,21.0813
1e+14,-9.21889,-1.94396,-42.0215,45.0559
1e+14,-9.49185,-9.50523,39.5734,10.5642
1e+14,8.55295,9.37846,28.4155,-20.6377
1e+14,-8.86714,-9.97271,18.8026,15.1458
1e+14,9.90698,6.56096,43.4964,43.6633
1e+14,9.55224,4.4687,-49.5479,48.3636
1e+14,-0.329441,3.08206,27.6301,-20.5154
1e+14,7.56068,-7.70673,1.07179,13.6454
1e+14,-5.75371,-2.55385,-35.0995,-17.3159
1e+14,-7.00955,-9.47971,-12.3973,39.0709
1e+14,2.58626,7.2641,-27.3871,5.56393
1e+14,2.30175,5.51902,38.3269,-39.5126
1e+14,-8.22867,0.747002,-8.8298,-2.41216
1e+14,-3.99404,-7.79165,-25.8047,0.599754
1e+14,5.85284,8.67626,28.4202,-41.5107
1e+14,-0.25483,-2.93604,9.23138,-48.2538
1e+14,-4.97586,-9.22823,-30.5567,34.1153
1e+14,-3.56595,7.10246,5.79861,-42.6976
1e+14,5.86497,-7.46717,-44.5052,1.10248
1e+14,3.19143,-1.59628,-3.85422,22.0929
1e+14,-4.1497,-4.02684,-43.0069,-16.2028
1e+14,2.44386,-6.14121,4.48726,17.3685
1e+14,-1.31915,8.99964,23.4536,-15.9342
1e+14,9.68897,2.57482,-15.1766,26.2003
1e+14,7.40307,3.43699,-25.2672,34.8329
1e+14,-8.77756,-4.49357,27.6937,48.8461
1e+14,-4.10025,7.10681,-17.0978,38.0663
1e+14,-2.12933,-7.59199,20.6951,22.603
1e+14,9.89493,4.10578,7.19169,-29.1873
1e+14,-8.0014,0.430466,29.3194,-28.5381
1e+14,-3.63939,-7.3049,-25.7602,48.8476
1e+14,8.24646,-1.80818,32.9329,2.9893
1e+14,9.54703,-3.01195,49.3523,-36.0774
1e+14,-4.73604,1.38778,-8.88874,6.99568
1e+14,-5.00777,-5.55632,22.4826,-34.6835
1e+14,4.25256,-7.28378,-25.545,-34.8235
1e+14,-6.26659,-2.52712,7.66073,-46.1731
1e+14,1.44479,2.63712,33.3027,18.3083
1e+14,0.90336,2.79032,10.2694,-1.71925
1e+14,-5.13518,-6.94409,-15.123,26.9872
1e+14,-9.77827,-3.36987,-46.2232,25.897
1e+14,8.70811,-2.79125,12.6923,19.6908
1e+14,0.992173,-4.54684,37.4283,-42.0715
1e+14,4.57456,4.62912,6.02729,0.572552
1e+14,3.25712,2.36116,8.09802,3.52331
1e+14,-6.93009,6.00098,20.2912,34.3586
1e+14,-1.01251,2.78198,-7.30783,-22.7765
1e+14,7.17756,-6.80398,-16.6123,-2.27073
1e+14,-5.68191,4.05613,27.1366,-14.4124
1e+14,-4.5836,3.49815,-43.1074,-6.61171
1e+14,-8.31613,-9.12263,-32.9917,7.8038
1e+14,0.594433,-9.37331,-19.9916,0.595165
1e+14,-8.73573,-1.37428,13.9784,35.1554
1e+14,2.84872,-1.49287,12.6446,17.6304
1e+14,-5.31611,-7.93684,46.3386,12.4575
1e+14,2.48991,7.98814,27.8861,-17.8311
1e+14,0.833786,-6.5569,-16.661,-20.8839
1e+14,8.27398,0.793477,-8.98212,37.4095
1e+14,-1.76323,5.47839,-20.1248,-36.9137
1e+14,5.25779,7.68769,-23.3777,-8.31045
1e+14,-0.534266,0.598915,34.8261,22.6987
1e+14,5.65623,4.20221,29.8291,38.1822
1e+14,-9.94396,-8.14999,32.6928,-31.3827
1e+14,-3.78992,2.89465,15.4228,10.9288
1e+14,-4.75956,6.05502,-48.0312,38.8812
1e+14,-2.42961,5.60166,33.6354,9.35847
1e+14,5.11856,7.71191,35.1437,-39.4999
1e+14,-3.91555,-8.57807,-29.7254,5.0265
1e+14,-2.04513,7.49118,42.0362,1.83791
1e+14,4.30696,7.16142,20.9483,-22.1859
1e+14,-9.35845,-7.39099,9.48871,-23.2253
1e+14,-6.00735,-5.60254,-2.16279,-49.9512
1e+14,0.105322,-9.86397,-9.31735,3.26653
1e+14,-8.2136,-5.91546,-18.4904,31.181
1e+14,1.52729,9.1639,-5.79284,39.7101
1e+14,0.233041,-3.28388,-11.9195,-31.5344
1e+14,-7.33925,9.26662,39.3386,-35.5647
1e+14,-7.43965,1.83551,20.5885,30.2471
1e+14,2.28355,-0.450691,47.2292,-18.0632
1e+14,-6.71418,-5.2248,26.1858,5.07922
1e+14,9.98212,9.42516,33.7907,20.1077
1e+14,8.22343,-8.85971,43.1562,26.7949
1e+14,-0.997214,-0.184717,-25.673,13.4822
1e+14,-3.53582,-6.50358,-22.7288,-3.43415
1e+14,2.19489,9.44476,-28.6683,-27.3927
1e+14,7.1312,-5.84344,-9.60357,-7.16751
1e+14,4.24538,-7.89674,46.3635,32.2021
1e+14,-9.31467,8.3004,-2.37354,7.9225
1e+14,9.40666,-2.20287,23.7206,-28.1164
1e+14,3.25179,-7.25515,-18.1737,-46.0513
1e+14,-7.78469,2.78296,13.6142,13.9681
1e+14,-2.18489,-1.47084,-33.8108,41.2203
1e+14,-1.15579,-5.35757,-2.04498,29.9872
1e+14,-9.52771,7.76479,-22.993,-42.7112
1e+14,-5.63484,-4.70154,14.1771,-26.1812
1e+14,-7.2252,6.12759,6.26203,45.8656
1e+14,2.28149,5.03111,32.091,-46.9024
1e+14,-3.12103,4.87459,-10.8872,18.7115
1e+14,-2.85163,-7.37278,36.3342,-31.2914
1e+14,2.31442,-1.51874,28.0685,47.231
1e+14,-3.69992,-4.54319,-27.1404,-49.2246
1e+14,8.77561,-8.39393,13.0197,22.9276
1e+14,-7.96511,-9.62583,16.0924,-34.8093
1e+14,-2.45201,8.99317,-6.47129,37.0791
1e+14,9.79135,3.17471,40.7796,-17.9122
1e+14,-6.36902,-4.10327,-13.5621,-37.8373
1e+14,3.19943,-7.20781,-18.5209,19.9391
1e+14,7.34159,-9.9291,-8.36048,-14.5394
1e+14,-8.57527,-4.52545,8.18048,-10.6529
1e+14,1.86555,-5.61058,3.66604,15.1312
1e+14,-1.16322,9.72466,14.8592,39.031
1e+14,-8.49436,-4.69896,11.7478,45.6273
1e+14,-0.421832,-9.73659,23.0407,45.2905
1e+14,-4.65806,-8.09686,-14.5836,-5.87989
1e+14,3.33764,-4.24906,-19.3901,9.88973
1e+14,-1.43198,-7.21177,29.9735,-35.6879
1e+14,9.99491,4.42444,-40.7166,-24.5582
1e+14,-9.79148,-5.49335,8.12309,24.7487
1e+14,6.68093,6.48152,-33.3635,-40.3264
1e+14,-3.66045,-1.14538,-25.7218,-7.12907
1e+14,-9.63598,8.13566,47.7737,32.912
1e+14,-0.40401,9.80893,-19.8478,17.9329
1e+14,-4.54684,1.21579,-6.98927,31.2654
1e+14,-9.95271,4.87236,-31.278,9.86792
1e+14,-1.53741,0.729498,48.6539,26.7801
1e+14,-8.3694,-4.58731,3.33173,-3.53673
1e+14,1.98623,2.59473,5.39941,47.7842
1e+14,1.42777,-3.49118,48.5373,-33.5689
1e+14,-7.7677,8.31881,18.2876,-41.1637
1e+14,6.67118,2.5208,-28.8818,-15.9497
1e+14,-3.02122,2.43962,35.6617,-33.4632
1e+14,3.89587,-2.12141,13.861,-38.8874
1e+14,0.872768,8.62025,27.4646,-2.83189
1e+14,-7.06317,9.27223,2.4623,-16.1977
1e+14,-0.123427,5.55438,-7.81566,42.2086
1e+14,-1.40593,-9.46994,-37.5158,-28.6849
1e+14,-6.76739,0.406521,-6.49876,-24.6822
1e+14,0.73839,-9.88287,-38.059,42.1434
1e+14,6.60187,-2.30794,-7.06261,-1.28917
1e+14,7.45511,-1.98596,-48.0643,-17.1573
1e+14,7.66655,-8.2862,9.44262,1.9955
1e+14,-2.7293,8.63211,-30.6227,24.6139
1e+14,8.52001,-4.1966,-0.828449,-23.7257
1e+14,-8.34435,-3.52004,38.3403,-14.2227
1e+14,3.59886,6.01147,-6.13225,35.284
1e+14,9.94647,-9.63113,-26.0649,26.9382
1e+14,4.40757,-1.99846,48.1066,26.9425
1e+14,-0.257175,-2.35152,-41.0033,-42.0837
1e+14,2.88375,7.10003,-9.90746,-14.624
1e+14,-9.20763,7.37153,-49.2642,17.4126
1e+14,0.355306,-8.38188,-33.2565,-41.4112
1e+14,5.88975,9.02966,28.9162,-6.03145
1e+14,2.30002,-3.59084,7.42653,17.6124
1e+14,0.951647,-5.68186,43.4628,-21.2706
1e+14,5.84616,-3.60131,24.5194,-2.24137
1e+14,-2.56641,6.31001,-35.7735,-44.6964
1e+14,1.06407,3.77586,-38.6797,9.68081
1e+14,-2.00462,8.38921,3.96491,38.2335
1e+14,-4.89063,3.19989,-12.365,-18.0178
1e+14,0.441457,-0.435005,2.9394,2.43959
1e+14,-1.92926,-5.00809,44.3037,12.5121
1e+14,1.77558,2.12544,45.1924,48.165
1e+14,-0.128363,2.60535,11.7569,-2.2015
1e+14,1.78686,-8.27841,41.0158,-48.2056
1e+14,-3.08748,8.76184,23.6524,25.8574
1e+14,3.21241,-9.0581,0.898521,1.50033
1e+14,-5.64922,-6.43899,2.71258,-9.75357
1e+14,9.30601,6.11599,-0.355671,22.2375
1e+14,7.60734,-3.46196,-42.9353,-13.9324
1e+14,-7.47826,-7.11137,-25.4119,1.56855
1e+14,-9.35528,5.75757,-4.35703,-28.5921
1e+14,8.69253,-4.60396,37.1261,-22.3571
1e+14,3.24298,4.85621,6.06258,-6.19883
1e+14,7.59246,6.51137,-8.14735,-32.4783
1e+14,-5.64778,-2.21481,-16.6943,18.8357
1e+14,3.19434,7.26923,-21.5464,-29.7962
1e+14,9.67899,-5.22661,-30.5677,48.5481
1e+14,-9.92344,-3.17209,-18.1544,-20.2802
1e+14,-1.31687,7.33116,33.6255,43.6719
1e+14,-1.2139,-2.01582,-25.7441,18.2539
1e+14,-9.71853,0.615715,0.559074,-3.67398
1e+14,-2.43543,7.7207,41.6146,16.1711
1e+14,9.72466,2.29118,8.94532,44.0084
1e+14,-6.22894,-9.83545,39.2678,-26.5503
1e+14,5.93262,9.5321,-21.8871,43.1267
1e+14,-2.94299,-2.87951,30.0751,-27.9178
1e+14,4.18749,-0.779709,20.35,22.5692
1e+14,-5.85486,-2.5887,-22.8303,-8.56365
1e+14,3.36819,9.21961,-41.1804,-18.8542
1e+14,-3.72881,9.9721,-29.6947,20.7522
1e+14,0.484141,-3.0437,5.26438,-21.5623
1e+14,-9.77271,-9.92897,22.4446,25.8435
1e+14,2.70918,-6.87965,18.8009,-13.8744
1e+14,9.7744,-1.72642,-31.1928,42.747
1e+14,1.30061,-0.671961,20.0819,17.2908
1e+14,0.993391,-4.06649,31.7225,-40.0187
1e+14,-1.41422,-8.75333,-27.2451,-8.27079
1e+14,3.60281,-7.63219,13.8838,44.6908
1e+14,2.60899,9.3573,29.0803,-47.7591
1e+14,-0.358581,-6.66379,41.1007,-20.0513
1e+14,2.61838,7.19341,7.99576,-15.2131
1e+14,-2.24505,7.42189,-1.34029,-26.2219
1e+14,-3.28629,7.25513,-1.59574,-19.5881
1e+14,2.00204,8.36931,-15.0159,27.6141
1e+14,-2.95326,4.53668,15.1986,43.1895
1e+14,4.11137,-0.136882,40.0587,-33.4848
1e+14,-5.46806,-1.62572,-2.90052,-49.1538
1e+14,-8.31377,-9.58741,-17.0317,47.4361
1e+14,-9.91815,5.63717,21.9999,-46.8584
1e+14,3.53612,-8.40834,19.4189,-26.0417
1e+14,-4.57112,-6.80837,5.40239,-1.94698
1e+14,-3.60147,-9.9772,-41.6654,30.397
1e+14,-1.27357,-4.91245,-33.636,-20.349
1e+14,-1.99564,-0.662819,-17.524,-25.5316
1e+14,6.06879,-1.81542,0.00350952,-40.9692
1e+14,-7.87783,-2.72599,41.5525,-26.4735
1e+14,-6.41954,6.71891,21.0702,27.1058
1e+14,2.37445,7.41108,23.9571,47.6713
1e+14,-7.20912,-3.65668,-9.80676,-22.2131
1e+14,3.50432,-2.84448,10.9186,8.83664
1e+14,-2.66972,9.95736,-36.2167,6.08001
1e+14,-6.97637,8.076,-33.5309,45.949
1e+14,0.693573,-3.11628,-33.1758,14.8274
1e+14,-7.21784,9.80645,23.0623,8.03022
1e+14,-3.06774,0.441175,-14.8091,3.14658
1e+14,7.38129,-2.7114,-25.9468,11.426
1e+14,-9.03046,5.03737,47.7526,-21.4402
1e+14,9.71767,4.81393,15.7241,-24.4453
1e+14,-6.51517,-0.486589,38.8845,31.6872
1e+14,7.83195,-8.40993,9.46875,41.1816
1e+14,8.76906,1.65059,-28.0896,-2.538
1e+14,-8.78255,-8.34044,7.39628,9.24354
1e+14,2.7494,9.24086,11.3586,3.33276
1e+14,2.19027,-8.12035,-44.143,-11.6493
1e+14,4.92274,-3.41395,6.30412,-46.622
1e+14,-7.45868,2.04208,8.53201,-2.59637
1e+14,-9.92998,6.80607,6.26888,-38.9748
1e+14,8.51257,-9.24962,47.7271,-49.9409
1e+14,7.21472,-2.20165,8.21621,-10.1841
1e+14,-1.97044,2.73452,-15.3423,42.1009
1e+14,-3.00131,-2.93676,-4.37671,40.6131
1e+14,-7.75562,-8.73999,9.59509,-35.3507
1e+14,6.39801,-8.59552,34.7341,-23.5954
1e+14,-2.21234,-2.86661,-24.1206,4.52722
1e+14,-1.03321,-5.07196,4.14405,49.1637
1e+14,-0.0459661,7.4551,-22.3469,15.7672
1e+14,1.56627,4.28375,-10.7594,-33.5629
1e+14,7.57692,5.3387,-14.7582,-40.2964
1e+14,5.01082,-3.10708,37.7415,21.7246
1e+14,3.76879,2.01155,-3.30971,-26.3034
1e+14,-1.355,6.54342,40.5651,-22.14
1e+14,-0.917195,4.69278,-23.4559,-23.9724
1e+14,-4.26719,1.32557,-41.846,-6.34386
1e+14,-7.21835,1.14438,-5.92415,32.7937
1e+14,-7.86075,4.31815,-31.7749,-41.1459
1e+14,-6.51005,5.61255,-24.1881,-28.7757
1e+14,-8.68274,9.2116,-49.2642,16.4132
1e+14,8.13769,-9.90138,-2.87831,24.2126
1e+14,-6.16681,-5.6134,37.8918,47.8175
1e+14,-0.671684,-9.001,-22.0442,3.33769
1e+14,4.33997,1.88241,0.748081,-27.047
1e+14,5.67109,-6.06476,-11.2343,-15.2003
1e+14,-0.327392,-2.4733,47.4862,-0.208344
1e+14,-7.34372,-5.81816,-44.1312,-13.4371
1e+14,5.7517,8.85788,-28.7248,22.9862
1e+14,-3.61444,-7.89493,-27.8756,-5.96288
1e+14,6.10715,2.81836,49.1911,-44.4261
1e+14,1.67329,3.04121,40.7636,13.5901
1e+14,-4.17172,5.84882,-31.9079,23.1022
1e+14,-1.24906,6.97778,5.41049,34.0033
1e+14,-4.3547,-9.45333,-21.9537,23.5246
1e+14,-8.60221,2.66508,-10.4122,1.65746
1e+14,7.04787,-6.38881,-39.6081,7.30262
1e+14,-9.2006,5.50181,16.1219,-39.2483
1e+14,-9.59146,-3.63245,44.692,38.8917
1e+14,8.46239,7.46379,47.3328,22.9275
1e+14,-9.30995,7.62753,19.4674,-10.7007
1e+14,-7.89418,2.58347,-20.099,-3.75079
1e+14,-5.4418,-0.401157,2.01385,46.8717
1e+14,-5.76737,7.81532,-11.2352,-30.846
1e+14,-4.58927,8.14824,-39.9926,44.8073
1e+14,3.74263,2.38122,37.4133,5.11803
1e+14,3.13047,-6.17304,6.00584,40.1628
1e+14,-1.50325,-5.14042,48.4679,-0.696583
1e+14,0.641291,-1.82299,24.8741,-40.6376
1e+14,5.00944,-6.36141,5.16698,41.3593
1e+14,5.80481,1.37437,18.6945,-1.21206
1e+14,1.48907,6.71869,-4.69065,-35.7763
1e+14,7.60481,-6.02081,5.00481,15.7635
1e+14,8.14236,8.58365,41.0511,46.2213
1e+14,5.77815,-6.5818,26.7422,-43.4802
1e+14,4.79119,5.55972,-1.89884,-13.7428
1e+14,-2.84435,-4.95647,11.1206,4.02129
1e+14,7.5259,7.88059,-17.2115,26.0271
1e+14,-7.65373,3.77463,45.3202,-2.69758
1e+14,-9.65237,-7.31341,1.14833,0.00307465
1e+14,8.20295,6.8882,17.8837,-28.6404
1e+14,-8.25702,4.21237,-49.8034,-45.073
1e+14,-9.16764,-0.484066,-13.6412,31.7816
1e+14,0.158157,-1.8431,21.5039,15.5531
1e+14,-0.918871,-3.45835,15.0132,27.3217
1e+14,9.55429,-1.11671,-22.6582,-16.9425
1e+14,3.54966,-0.855555,-43.0984,44.78
1e+14,-7.77443,-4.7932,3.43016,-49.3092
1e+14,3.08253,8.124,3.31852,-25.5896
1e+14,2.4626,8.86092,0.39642,-37.3825
1e+14,5.28361,1.64014,27.2444,-2.91388
1e+14,-6.51744,1.33998,29.2127,-22.3498
1e+14,3.46749,-1.92109,5.35284,-34.7345
1e+14,-1.04205,6.25927,-39.0381,-12.5249
1e+14,-2.91397,4.94529,-2.54206,-24.3717
1e+14,8.8684,-8.72595,-22.9014,-2.98421
1e+14,-3.49692,7.33979,14.8011,-37.5152
1e+14,3.70225,3.73092,-0.573112,-32.295
1e+14,-3.35405,8.53907,27.5829,-14.7627
1e+14,-1.35647,1.83135,-19.5913,29.7075
1e+14,-7.05475,-9.17003,-2.59381,5.88235
1e+14,-6.76529,-4.24772,-3.79203,-32.6313
1e+14,-5.18981,-5.17458,43.0426,17.0449
1e+14,2.59078,3.29195,-45.8843,22.5985
1e+14,-3.5487,-3.05124,39.1575,19.9549
1e+14,0.867699,3.40815,-10.8151,29.8688
1e+14,-7.14253,-4.51061,3.65979,10.1068
1e+14,3.03496,8.56099,-48.8561,-24.358
1e+14,6.62994,9.41535,22.4528,-36.6316
1e+14,-7.12639,6.71958,18.919,-27.9786
1e+14,-5.51211,-2.02529,-20.388,39.1904
1e+14,1.52585,4.89824,4.57193,40.3527
1e+14,-4.50099,-8.10347,23.5198,-3.04174
1e+14,-7.3939,-9.23967,24.5526,-44.7276
1e+14,2.09876,-6.22011,43.9691,-10.7092
1e+14,6.83411,0.883978,-6.91421,-7.0605
1e+14,8.92839,-0.488607,-14.9459,3.95339
1e+14,-8.36979,8.98114,39.8173,9.7018
1e+14,-7.51918,5.13437,29.7817,41.0759
1e+14,3.98074,4.30843,-32.8634,-35.1925
1e+14,6.24607,-2.38332,-41.3526,-12.8499
1e+14,9.6463,5.37996,17.7733,15.5381
1e+14,7.36484,0.815535,4.5844,49.9695
1e+14,9.79323,-5.14869,33.4631,14.9848
1e+14,3.34793,8.66877,29.8104,22.6285
1e+14,-6.16822,-9.3489,-19.5712,-33.4581
1e+14,3.55422,-4.16794,-34.756,-44.647
1e+14,-9.41876,-1.08535,47.4384,-2.19831
1e+14,0.474533,-4.52784,-7.36979,35.997
1e+14,6.11427,2.52064,2.91654,18.2502
1e+14,-3.80797,-0.582052,22.1127,48.318
1e+14,-4.83205,7.75902,-12.7805,-1.03077
1e+14,-2.88654,5.89558,29.5268,-43.1733
1e+14,2.38031,5.87729,35.2551,32.5645
1e+14,6.04166,2.09806,-1.62937,15.1086
1e+14,-8.67875,-3.80188,10.7652,30.3955
1e+14,-8.69117,7.50501,9.38039,-43.782
1e+14,-8.74596,6.66787,-16.1456,40.9863
1e+14,5.61016,9.8736,34.3148,28.1447
1e+14,-9.32926,3.15268,28.047,-14.9906
1e+14,-6.27061,9.7895,35.7239,10.94
1e+14,0.0659037,7.63591,-39.5793,-9.18663
1e+14,-2.63188,5.95708,-16.3229,-39.1511
1e+14,-0.250787,5.02689,3.24073,-32.9447
1e+14,-0.614255,-3.7813,34.9743,12.7207
1e+14,9.01698,8.40332,38.5016,-3.09721
1e+14,-5.46661,2.64401,-26.7178,-45.4946
1e+14,-5.08168,-7.72885,-10.4728,-16.4827
1e+14,3.14615,-2.6224,6.07988,-15.3796
1e+14,4.09423,-8.25074,26.2398,12.02
1e+14,6.32242,0.854637,49.4333,26.0506
1e+14,-4.48608,2.37932,19.4817,28.4035
1e+14,0.90531,-4.46164,45.9464,21.3961
1e+14,-6.21517,1.66276,-34.1346,-0.703938
1e+14,-2.56618,-9.833,30.2894,-25.4604
1e+14,-6.97792,2.1258,-16.416,-3.24477
1e+14,-3.89485,-0.756062,41.2959,-39.1277
1e+14,-6.11415,-0.458237,-35.6001,-30.5486
1e+14,7.29074,-4.59554,-7.92305,37.2545
1e+14,-0.737762,0.429842,13.4044,-12.9829
1e+14,-0.511091,-9.90757,21.8329,45.5107
1e+14,4.21464,-4.5916,16.9577,8.48581
1e+14,8.22478,-6.19407,44.7595,-26.6472
1e+14,-2.69616,5.70086,-19.0394,5.22916
1e+14,9.41611,-3.3545,-28.023,16.722
1e+14,3.17338,-5.05498,4.87283,-2.26002
1e+14,-9.32689,3.04181,4.9285,33.3464
1e+14,3.37577,-3.46555,18.4093,5.84975
1e+14,-9.39975,-1.61468,-27.4667,-33.5959
1e+14,-2.04338,-3.10547,10.4987,-48.9088
1e+14,-5.4934,-7.63832,31.991,-27.3295
1e+14,-1.77176,2.03388,14.012,0.481415
1e+14,0.52585,-2.03581,16.9489,-40.126
1e+14,2.54367,-8.47396,20.8645,-30.6115
1e+14,-4.60093,-7.80886,-9.6021,17.4973
1e+14,-5.77948,4.32486,-17.7457,48.1508
1e+14,7.61764,9.65984,39.7817,10.5455
1e+14,0.20793,-5.3343,-35.5828,-40.8282
1e+14,-4.58145,-0.370478,31.9856,-18.7674
1e+14,5.05591,-5.23905,-33.0743,21.0166
1e+14,1.02362,3.9998,36.8023,36.1757
1e+14,-0.724112,9.86189,23.5647,-48.0397
1e+14,7.35528,0.176644,44.1291,-22.1017
1e+14,-0.105541,6.16257,44.3407,34.2654
1e+14,-5.7798,-1.0218,-28.9172,-11.0864
1e+14,-3.80649,4.39393,33.0049,13.8859
1e+14,6.98795,6.53309,43.6285,-35.8282
1e+14,-9.07019,-2.65633,7.9916,14.8364
1e+14,-4.92816,-7.65227,-24.4894,6.76357
1e+14,-2.91936,-5.71851,41.3378,-35.0041
1e+14,2.28015,2.48897,45.3338,25.5436
1e+14,-3.92301,6.05602,-39.1894,44.2245
1e+14,-3.31833,8.77541,17.5082,-39.6273
1e+14,-2.27372,5.61416,41.7969,-19.5878
1e+14,-8.57278,-2.69116,-13.933,28.3844
1e+14,4.41573,-4.89644,48.3608,0.774799
1e+14,-5.59215,-7.19722,27.5526,-23.0337
1e+14,7.83926,-5.63438,-18.5688,13.9013
1e+14,6.0216,5.06611,14.5527,-12.3205
1e+14,7.15414,-0.317588,30.9902,-47.49
1e+14,5.53291,-8.36923,11.5068,-5.86496
1e+14,-8.4028,-5.84959,-8.05236,-36.0351
1e+14,7.17644,-5.58852,29.7058,-34.8821
1e+14,0.617448,-2.55642,-31.5513,17.2371
1e+14,-8.52244,3.43672,-28.5107,20.358
1e+14,9.28429,1.09225,4.50266,-23.9277
1e+14,-4.6216,4.721,-12.9757,18.2053
1e+14,-0.80053,5.48927,29.5853,40.6138
1e+14,6.39154,2.5832,-9.3219,26.7348
1e+14,4.54733,7.04682,-20.5355,-39.8035
1e+14,5.24298,-1.18913,-20.1997,3.94635
1e+14,6.1736,-0.341999,-28.7971,7.63556
1e+14,-2.98995,7.94181,-39.9419,-4.04682
1e+14,3.69588,-3.34399,-9.59956,-39.8513
1e+14,6.59607,0.133859,-12.1217,-30.2354
1e+14,6.79264,3.91418,48.8292,-27.8316
1e+14,1.73408,4.6402,27.82,-28.9815
1e+14,5.97963,-0.316093,39.1292,44.0311
1e+14,6.10603,3.96307,37.0676,-5.66844
1e+14,1.77546,0.212836,36.5676,-8.12109
1e+14,-5.0476,4.94788,-14.2665,23.6553
1e+14,0.82735,5.26593,-5.21402,-32.0221
1e+14,1.93952,-2.54945,22.4028,24.6689
1e+14,-4.92084,-4.54458,-42.7633,-23.2715
1e+14,-0.555224,8.33857,-3.70116,-5.33723
1e+14,9.23543,-0.148714,32.0671,-48.3224
1e+14,2.89133,-5.38478,2.79134,14.1676
1e+14,6.5648,-5.37397,-10.1993,-19.4542
1e+14,-3.23546,1.54435,-1.24633,-47.0468
1e+14,7.22818,4.03317,-20.8467,29.0615
1e+14,-1.85597,6.74691,27.8679,-24.9425
1e+14,2.86438,1.6497,-23.0277,-26.9403
1e+14,6.26349,-9.53091,32.2091,38.8666
1e+14,-7.8353,-7.84883,-30.2145,-15.6744
1e+14,8.96862,-4.34932,23.2158,-12.8313
1e+14,4.8064,1.22858,5.32056,22.5694
1e+14,5.37828,-7.29624,43.5141,41.6985
1e+14,2.12797,4.73383,-39.7391,4.25481
1e+14,9.01077,3.9346,7.02671,-2.01434
1e+14,-5.02257,5.72886,43.9949,21.8941
1e+14,5.01815,0.0571213,24.9929,-44.7358
1e+14,-2.41312,2.64808,0.165451,-19.2843
1e+14,7.00354,8.42579,31.725,2.3047
1e+14,-3.91665,-7.17822,-39.0617,-9.60431
1e+14,-9.94866,-7.12526,-21.5003,43.7943
1e+14,-5.57914,-8.6767,28.9371,46.6396
1e+14,5.6917,0.367435,-46.1938,21.5879
1e+14,8.51317,0.771264,-22.5522,-34.5604
1e+14,2.84364,-7.03086,13.1359,-24.9114
1e+14,-3.58697,-6.14744,-38.6314,21.7339
1e+14,-2.27851,5.09241,-0.456898,20.9132
1e+14,0.371924,-9.06862,40.2467,26.0369
1e+14,-8.80107,0.44618,18.5222,3.40073
1e+14,8.6755,9.21999,-5.2161,32.9948
1e+14,-3.19388,0.50455,2.17816,8.39436
1e+14,-1.67595,-7.73181,-0.161259,-10.276
1e+14,-7.33059,-5.29392,-42.9427,-37.3378
1e+14,7.21092,-6.07218,25.1729,-18.9542
1e+14,1.82194,1.27604,24.6739,-6.38965
1e+14,2.77621,-0.147005,31.7129,-0.838108
1e+14,6.39691,-7.07169,46.3841,-22.572
1e+14,-5.09778,1.54999,30.1357,-9.57491
1e+14,2.2978,-0.855005,-46.2995,43.9229
1e+14,2.55951,-2.29539,49.648,33.945
1e+14,6.53785,1.6638,6.96233,15.9893
1e+14,9.09628,1.14964,17.3914,-1.95481
1e+14,7.75153,-0.0555153,9.99936,-40.7724
1e+14,-1.96065,7.36987,34.7854,38.5191
1e+14,-7.99917,-1.9859,27.0264,32.8411
1e+14,-3.14887,-3.13274,14.9172,12.6783
1e+14,-1.18749,1.806,40.0599,-13.4352
1e+14,0.460651,2.15385,-32.9926,-6.04496
1e+14,-9.06161,1.53701,-1.40007,-31.0314
1e+14,3.4484,-2.7595,-37.1381,20.1652
1e+14,7.77881,-1.56552,5.37422,24.4505
1e+14,-9.70422,1.26436,41.8465,13.6224
1e+14,-6.37299,9.15423,-49.4532,40.7371
1e+14,0.739398,7.06826,-24.0384,-13.1967
1e+14,-3.07739,-1.74843,-18.5859,26.5475
1e+14,0.545374,6.09944,-29.556,-47.486
1e+14,-8.41319,-0.443052,-33.8408,37.7437
1e+14,-5.08056,-8.91692,-31.9517,-12.6094
1e+14,2.12225,8.67547,-33.3209,-23.9358
1e+14,4.05958,9.34812,43.4288,8.33107
1e+14,6.6793,-0.981525,-30.9354,-30.9316
1e+14,-5.31937,-2.69215,17.4776,46.372
1e+14,6.91794,9.87572,-34.9422,25.7116
1e+14,6.76975,-0.829197,6.35433,-2.71709
1e+14,-3.71326,-8.81891,18.4171,36.1862
1e+14,-2.03785,9.88855,2.50524,5.5923
1e+14,-0.414871,7.26403,-15.939,13.7858
1e+14,3.83513,-2.97047,32.5432,-45.938
1e+14,-1.42295,4.54185,-23.8182,-13.2509
1e+14,-5.60109,2.46856,-25.8486,-37.4503
1e+14,4.22318,-1.01232,45.0294,9.6996
1e+14,-9.08801,-2.21875,29.8365,-37.2134
1e+14,4.27633,-7.74215,47.3082,9.08082
1e+14,4.0232,-2.12016,-11.5335,-43.0642
1e+14,0.446223,-0.337438,31.9701,21.2532
1e+14,-9.71111,5.3851,43.3835,45.8173
1e+14,0.524716,-1.08237,37.0915,-3.55194
1e+14,-6.76338,7.86638,42.7508,12.707
1e+14,3.06951,9.28604,-48.7732,-30.8017
1e+14,1.7608,-6.18005,-47.8421,18.1715
1e+14,8.03913,-6.32723,-40.5737,-21.3221
1e+14,-9.73499,4.09882,-8.6523,-19.1497
1e+14,7.94752,-5.96189,44.267,-4.35296
1e+14,1.71251,2.08615,-7.82568,-26.1672
1e+14,5.38632,7.89631,9.41097,-29.7539
1e+14,-4.66619,-4.66246,-34.131,-39.6277
1e+14,4.55265,-3.53691,-9.94605,36.7836
1e+14,3.00021,4.4983,-24.052,-42.0233
1e+14,-4.43618,1.09468,14.7219,31.3368
1e+14,9.06093,7.02115,-8.26131,-47.8702
1e+14,8.40473,-1.63091,22.2143,-43.9494
1e+14,-0.840281,-2.60796,46.7656,-11.1861
1e+14,3.74491,0.638237,40.0228,-37.1084
1e+14,5.87834,-2.70778,34.2396,-34.5969
1e+14,-1.41696,5.13652,-48.1632,21.4728
1e+14,2.13956,-0.398815,47.4131,-28.0115
1e+14,-3.9115,-0.519178,-14.4224,2.52755
1e+14,5.36709,4.66444,-29.1665,-0.950386
1e+14,-0.228676,-3.36379,-24.1506,1.24941
1e+14,7.35469,-9.64467,23.9507,38.855
1e+14,-0.156092,-3.44366,10.489,-11.3287
1e+14,6.88701,9.91852,11.6682,7.46918
1e+14,0.588206,5.98109,2.42935,30.1007
1e+14,6.21534,1.17101,20.921,19.1427
1e+14,-9.39405,-5.80567,5.72222,-26.6643
1e+14,-9.6854,-2.48317,20.1269,-27.182
1e+14,-5.82515,-3.31142,26.7229,31.2888
1e+14,-0.0398512,-9.77278,24.949,17.4927
1e+14,-5.05338,7.91718,44.7194,-1.56038
1e+14,-6.81623,-0.322127,19.9141,-3.70287
1e+14,-8.51104,-5.0453,30.026,47.7276
1e+14,-7.54843,-6.42845,18.4945,36.3457
1e+14,-1.17618,-8.03327,-15.0039,29.291
1e+14,4.52205,2.13883,24.5831,-31.1464
1e+14,5.66462,5.20004,37.0612,-12.3325
1e+14,-8.41626,7.87974,-14.3503,13.7537
1e+14,6.44436,-9.67486,-25.7197,28.7994
1e+14,5.55136,1.67959,-27.0657,7.46878
1e+14,-1.46853,-1.59365,44.4079,-36.0568
1e+14,-2.50928,6.48139,-22.25,43.8798
1e+14,-1.94002,-5.88206,-36.6005,-44.6546
1e+14,-8.03928,3.74437,1.31372,-20.357
1e+14,6.01845,-7.94251,-41.8519,-5.19247
1e+14,-6.88138,4.56204,-48.8204,-23.9683
1e+14,0.496384,2.73033,-28.9219,9.38909
1e+14,2.95587,-0.616036,43.1494,12.7099
1e+14,5.39096,5.94117,31.3539,-34.5376
1e+14,-7.20464,-8.4603,-33.7066,-7.14202
1e+14,-9.33615,7.39395,38.8761,-9.24298
1e+14,3.83912,4.16835,-49.3218,48.2608
1e+14,7.07977,9.59868,-12.9328,39.1525
1e+14,2.52715,-6.14212,24.8428,33.1596
1e+14,-1.65238,8.44792,47.0072,49.2587
1e+14,5.20852,-0.381469,21.0018,-23.3399
1e+14,-6.91543,-7.61082,43.2999,41.564
1e+14,-9.28932,-5.60326,24.386,-44.6151
1e+14,-9.57894,6.78528,29.9485,43.723
1e+14,-3.33975,8.88937,1.19379,-35.8968
1e+14,-9.03706,-5.82221,18.2386,35.899
1e+14,5.63699,0.828058,30.8016,-18.0265
1e+14,-3.76585,7.4403,-14.1117,24.9706
1e+14,-2.74843,7.17823,45.9295,36.6446
1e+14,9.09449,-8.83694,22.9255,9.23695
1e+14,-1.05593,-7.07032,-12.0232,25.8282
1e+14,1.45396,-3.22316,46.0693,-14.0116
1e+14,-1.44042,-9.09022,41.3417,30.1418
1e+14,1.15437,1.42515,3.16694,26.7511
1e+14,-5.8837,-7.35542,-37.1726,39.577
1e+14,-8.36017,-9.3638,-12.5523,32.8172
1e+14,-6.48728,8.32123,13.2362,-39.2296
1e+14,-3.09669,-6.15566,-25.8321,39.8872
1e+14,4.90608,-3.58561,8.69931,9.35471
1e+14,2.48567,-3.28504,-16.3971,14.0128
1e+14,5.81239,8.76544,41.6937,46.3753
1e+14,3.0704,4.28481,3.42761,7.85478
1e+14,-2.78037,-9.73558,-26.4485,-20.5101
1e+14,-8.46287,4.47677,-29.8584,-30.4006
1e+14,0.577101,-0.673277,5.61519,-25.5428
1e+14,6.58604,-8.43627,21.1445,-24.2736
1e+14,0.850176,8.90704,-42.2658,39.2815
1e+14,-8.89772,-4.02805,2.89536,-37.7667
1e+14,-8.21008,-6.85502,2.80159,-13.6515
1e+14,-8.63617,-8.12173,38.568,13.0456
1e+14,4.20053,-1.64466,-9.58875,41.8112
1e+14,5.20594,-3.7034,-8.71959,49.7725
1e+14,-9.68268,3.27855,-14.9088,28.6221
1e+14,-3.46578,-9.3422,12.8819,6.24636
1e+14,3.42344,-2.17228,28.1368,-4.9255
1e+14,4.80407,2.01174,-47.6521,11.7763
1e+14,-6.22177,-9.3355,-43.6914,-20.7254
1e+14,6.0728,5.54567,-8.88116,34.3268
1e+14,6.28863,-7.07962,30.8039,21.8856
1e+14,1.46666,-9.87383,-36.0339,-21.9488
1e+14,7.92386,-3.71285,-47.6739,44.5255
1e+14,-9.42709,-1.17689,-9.40184,-16.7875
1e+14,-9.36789,-6.11148,0.0527382,-13.6578
1e+14,8.41421,-2.38605,21.4279,39.2124
1e+14,-5.70301,9.58046,-11.6661,27.4333
1e+14,-6.51074,-5.947,-6.30103,-1.32877
1e+14,5.07241,-7.99805,44.1703,-28.8912
1e+14,4.95087,9.3072,-16.4693,-0.278172
1e+14,-4.14836,-1.42961,30.8553,-15.0247
1e+14,-7.85724,3.35872,-37.0804,-10.8371
1e+14,-1.64484,-4.90186,49.6429,48.3722
1e+14,-9.03163,5.43795,-27.7151,-7.70781
1e+14,1.36529,6.47663,-21.5363,39.0734
1e+14,6.15167,-8.8898,-36.6712,-32.7702
1e+14,3.79971,1.69311,45.8415,-41.7315
1e+14,-8.8311,-4.32897,-19.3144,-17.055
1e+14,-0.461124,9.88345,15.3275,8.51417
1e+14,9.24439,-9.5797,-44.482,-8.8031
1e+14,6.01136,-6.98973,-30.1387,-40.8324
1e+14,7.61592,0.803075,18.3948,-37.8689
1e+14,2.13351,-2.07071,-13.6299,21.694
1e+14,-0.256306,-7.73437,-11.9899,-14.494
1e+14,-5.43786,5.814,42.5733,30.1168
1e+14,-7.15323,-4.31721,-20.7985,38.8567
1e+14,3.92509,8.97575,2.88299,-45.6108
1e+14,-3.65316,1.31131,-22.8869,40.1013
1e+14,2.21019,6.61393,-3.83136,6.32541
1e+14,-1.41588,3.2962,1.75988,-21.789
1e+14,-2.78633,-9.9225,-3.78398,2.69448
1e+14,-0.531652,4.51721,-37.5263,-4.65298
1e+14,-2.43647,-9.82367,3.93507,36.7518
1e+14,-6.27608,-2.02493,-32.3531,41.7545
1e+14,2.73525,-8.58841,35.2278,-26.1312
1e+14,-9.74865,-5.48428,-27.2113,-39.9089
1e+14,8.13361,1.5462,28.5742,47.3458
1e+14,3.94365,0.911349,35.2299,8.24774
1e+14,-5.34509,5.09285,-14.7768,46.7349
1e+14,-6.76959,3.46136,-22.384,-7.33229
1e+14,-3.07437,9.0962,-24.4726,-10.2764
1e+14,-2.18058,-8.92134,-0.737511,4.63433
1e+14,-9.47087,3.00118,-4.48722,-16.6923
1e+14,4.93389,3.93133,3.91783,47.0235
1e+14,1.80427,4.34108,-30.9118,-34.9908
1e+14,-9.997,0.38006,2.84171,-39.427
1e+14,1.80222,9.91602,38.403,38.4607
1e+14,-8.46728,-9.59042,-7.73293,32.7219
1e+14,7.4586,-3.2547,-30.982,-13.7837
1e+14,6.67854,6.23817,-8.59335,-28.4683
1e+14,8.1882,-0.935501,24.5912,4.47676
1e+14,-5.58741,-7.56908,-14.8027,11.1247
1e+14,-9.77751,9.37991,32.3283,41.1704
1e+14,6.46502,-2.34013,40.5919,27.2822
1e+14,5.92513,3.64198,47.5846,-44.8545
1e+14,-4.60203,-6.34484,-46.4581,-21.6055
1e+14,7.24808,-1.60023,11.7671,-30.0746
1e+14,4.42221,4.05225,25.0972,8.20028
1e+14,-5.52768,-3.66003,31.1434,27.5702
1e+14,-6.51934,9.42827,29.0527,-11.4496
1e+14,-4.09942,0.979048,5.00463,12.8803
1e+14,-4.77049,2.33632,-25.6575,-25.229
1e+14,-2.39442,-3.01487,32.9805,3.72393
1e+14,-2.48191,6.50645,45.1097,-41.3764
1e+14,9.95329,4.97838,-30.4306,-47.4118
1e+14,6.11246,-7.91846,-41.8918,24.1941
1e+14,8.23394,7.80148,-27.4844,-30.58
1e+14,6.62464,0.247803,-2.59738,45.84
1e+14,-8.98243,-7.62505,24.1259,-16.3233
1e+14,-0.581628,4.5778,28.7077,-9.12137
1e+14,-3.47273,-6.1024,-4.40753,22.6562
1e+14,4.6623,-0.689131,-14.7857,-3.88985
1e+14,4.28876,1.20641,-11.0929,-39.0301
1e+14,-5.58171,8.23961,-19.0405,-13.0438
1e+14,4.23447,8.69152,15.6489,11.7761
1e+14,-1.02131,-5.18508,-8.46811,-23.5084
1e+14,6.88038,-1.40329,-28.417,-4.54368
1e+14,8.63074,-3.23783,-25.6021,6.26781
1e+14,-4.78551,9.85217,9.27709,20.1509
1e+14,3.29464,-7.03086,27.3708,20.6352
1e+14,6.54661,8.94668,-38.0022,-2.62791
1e+14,-5.80108,1.23705,34.029,25.2318
1e+14,7.08533,3.14664,-44.3223,-24.6543
1e+14,-9.13798,-1.97471,28.1361,-17.0016
1e+14,-6.00083,4.04317,-44.8056,-48.071
1e+14,7.55054,1.92338,-31.9495,24.9204
1e+14,-2.88051,7.2851,31.6567,-45.2023
1e+14,-9.37164,-9.14944,3.40563,38.386
1e+14,3.40762,-8.06582,26.3936,-2.80734
1e+14,-2.29691,-4.07814,-11.1853,9.01342
1e+14,3.15546,-6.18518,-6.36067,-3.7951
1e+14,3.08318,-0.981068,28.4775,21.373
1e+14,0.138245,3.47677,-43.983,-22.0979
1e+14,-0.721332,-3.41922,-29.2351,46.4328
1e+14,2.62579,-8.421,-34.3544,5.51039
1e+14,8.51263,-8.28651,41.071,-20.3699
1e+14,8.69995,0.13459,43.4173,13.7707
1e+14,-0.878387,-3.04977,10.2451,-11.3467
1e+14,-3.62256,-4.34126,12.1622,9.44142
1e+14,-2.84983,2.90321,-18.1853,-40.4066
1e+14,-7.99624,7.2285,-28.5719,-7.9455
1e+14,-2.6973,6.43093,47.1293,1.85556
1e+14,-9.7657,7.80889,23.4209,35.161
1e+14,-3.9552,4.9205,20.2259,36.1742
1e+14,-5.92986,-3.21408,-5.84414,-22.3793
1e+14,6.15374,5.94396,4.61385,45.0069
1e+14,-7.02012,-7.23127,0.932629,-25.3308
1e+14,-4.17197,1.70006,20.3141,18.5387
1e+14,8.316,7.06523,-35.497,2.09684
1e+14,9.45889,-4.47806,26.7229,31.7693
1e+14,8.77896,7.93511,-13.9329,29.4011
1e+14,-7.02461,-2.67731,27.013,7.23894
1e+14,-2.27071,-3.81325,12.0793,17.5694
1e+14,6.02269,3.29889,-46.3821,-43.7002
1e+14,6.02048,6.20472,22.6078,-30.0155
1e+14,9.50921,1.29559,13.7969,-16.0619
1e+14,-4.85745,0.878634,-24.7926,11.2141
1e+14,8.52884,4.28559,36.0208,2.28135
1e+14,0.304504,-2.18116,39.2311,-42.2383
1e+14,-7.83813,4.59486,6.07467,-3.01298
1e+14,-1.866,-1.84607,28.9826,10.7093
1e+14,-2.33647,-9.03778,-34.5744,8.33512
1e+14,-6.65328,-1.74467,10.4804,43.23
1e+14,1.27918,-0.806569,-13.0584,27.5127
1e+14,7.50186,3.80968,19.9634,25.3429
1e+14,-7.94786,0.312038,46.7707,-25.3668
1e+14,-1.24274,-6.75484,22.1794,-31.2433
1e+14,2.17457,8.02832,-42.594,22.2116
1e+14,-2.01281,-9.2209,-39.8769,-11.121
1e+14,4.87778,0.796542,21.9131,-6.55534
1e+14,3.58853,-7.62326,37.4489,3.23186
1e+14,2.33064,-8.97294,-20.8272,-42.5292
1e+14,6.84019,3.04314,-41.1614,0.597023
1e+14,0.830417,-3.18522,30.335,40.9118
1e+14,8.55244,0.825802,30.0722,23.6237
1e+14,-1.7313,1.99025,-3.67182,-12.3347
1e+14,6.54438,-8.55134,-49.4977,-8.11967
1e+14,-8.65916,5.53847,-11.5313,-6.98776
1e+14,3.29928,-8.96486,25.6182,-34.8892
1e+14,2.36352,3.62038,38.1823,30.5296
1e+14,-6.75515,6.26821,38.8002,14.3075
1e+14,-9.65155,6.42312,48.762,42.9078
1e+14,-7.43151,-1.36738,-32.7951,12.5461
1e+14,7.93944,-1.90796,-7.77598,9.07001
1e+14,9.67196,-3.34718,-35.725,-30.6867
1e+14,8.74949,-7.29014,19.4314,-15.8301
1e+14,-2.09727,-8.77542,-27.2442,6.38957
1e+14,-5.52763,-2.83717,-42.6891,24.2799
1e+14,-4.04447,4.57561,-21.5321,10.2683
1e+14,-8.26309,2.20316,11.8489,44.2351
1e+14,6.66687,-9.96719,42.3979,-18.1869
1e+14,-9.71609,1.63137,7.53903,8.50547
1e+14,5.31094,0.981806,-7.95382,20.2312
1e+14,-3.95365,-9.03475,5.98427,-22.3907
1e+14,-0.847846,-9.74608,-35.4334,-29.8628
1e+14,5.73583,2.10923,-11.5889,25.0805
1e+14,-2.82883,-4.13317,49.4975,4.08674
1e+14,2.72541,6.04338,-30.8817,-27.9697
1e+14,7.25086,5.24075,-44.6068,-6.54868
1e+14,-5.36523,6.62351,6.56113,-26.9725
1e+14,-6.61993,-1.08517,6.69022,42.4149
1e+14,-9.14419,-6.35594,7.43301,26.5695
1e+14,2.15169,3.46574,-21.1306,-42.3448
1e+14,7.3579,4.24317,43.3347,26.4614
1e+14,-1.36474,2.74816,-24.9248,-11.3409
1e+14,-4.41417,-9.02281,41.4718,17.1761
1e+14,0.464771,-8.60548,-31.7728,-5.52732
1e+14,-5.47947,6.56312,38.4273,48.1985
1e+14,7.485,0.472576,31.9487,-37.7142
1e+14,-3.63587,-8.05193,12.9726,30.5993
1e+14,0.876241,6.98023,-43.5583,15.7794
1e+14,-6.41344,9.31886,-16.337,23.7561
1e+14,5.4519,-9.83472,10.2792,-36.9116
1e+14,3.37396,6.16156,39.355,39.4726
1e+14,2.82228,-6.02032,-13.0154,49.6111
1e+14,-7.39119,-3.76909,-17.3447,-12.0508
1e+14,2.67322,8.80788,-35.9004,21.6584
1e+14,-3.47006,-1.34182,-30.135,20.2227
1e+14,-3.5032,1.69508,39.804,-14.0964
1e+14,7.37747,-6.78933,45.7993,48.8152
1e+14,0.533423,5.2471,-40.9881,12.3641
1e+14,5.58019,6.24893,39.7216,0.691849
1e+14,3.1035,0.600037,28.8648,30.4406
1e+14,-0.718969,-3.72309,24.0657,-28.4645
1e+14,1.95991,0.283875,29.7218,34.2839
1e+14,-1.75695,-8.98646,-44.4842,-45.3804
1e+14,0.48072,-0.533394,22.6048,18.2068
1e+14,-8.52777,-6.2588,-23.7459,2.44882
1e+14,6.89036,6.26978,42.0136,22.0524
1e+14,4.09508,5.98856,-18.8135,1.74454
1e+14,-5.62756,-2.43361,48.6921,-32.3334
1e+14,1.97979,-5.7399,-8.8003,-6.7228
1e+14,7.05265,-6.11093,47.2208,39.795
1e+14,-9.68341,-9.14785,-31.6452,39.7901
1e+14,-9.79924,4.14893,-39.3106,6.71452
1e+14,9.18059,-1.83361,-45.0516,17.2753
1e+14,-3.73484,8.47379,12.3856,-34.5165
1e+14,-3.00074,6.51844,-4.76242,-41.9537
1e+14,-3.35824,-1.98513,-23.2419,-25.8414
1e+14,-3.56024,2.9783,-20.4049,-45.8867
1e+14,-4.90492,2.98733,-18.2134,-12.8235
1e+14,0.364367,3.92193,40.4349,-10.4836
1e+14,-6.60197,0.610561,-20.6833,-23.6528
1e+14,0.504279,-4.57248,8.48687,38.7459
1e+14,0.153655,2.4817,-48.7843,-17.1773
1e+14,-8.29347,-8.39637,49.6463,5.73324
1e+14,-9.89794,5.31819,10.8318,49.9286
1e+14,-8.40012,-0.838106,13.7466,38.2911
1e+14,3.33416,-2.68668,-30.197,-21.5555
1e+14,8.10898,7.69061,24.4985,46.3343
1e+14,-9.91842,1.1932,-19.1872,21.1489
1e+14,-7.18179,-4.30108,-29.5154,34.8881
1e+14,2.46535,-4.89354,-41.6235,33.6831
1e+14,1.39414,-8.72003,-28.2662,29.6488
1e+14,4.36265,3.04429,12.685,-3.2771
1e+14,3.64506,2.45116,26.5555,19.0943
1e+14,5.61835,7.70082,-16.4042,-4.55595
1e+14,3.85699,4.5192,38.0601,-23.9948
1e+14,2.28956,0.660052,-29.1465,35.236
1e+14,4.41617,2.57946,-32.5437,37.5928
1e+14,6.18687,2.7233,-34.8174,23.5456
1e+14,-7.0059,-8.1216,-47.599,3.69281
1e+14,2.92853,-0.215971,1.29303,31.9518
1e+14,7.37282,-5.00293,-49.1527,-9.37485
1e+14,-5.42497,2.58329,-21.1861,25.6246
1e+14,3.14569,9.68756,-12.9009,-24.6912
1e+14,3.64761,5.31713,-5.75959,-1.36739
1e+14,7.42892,-2.20781,24.8468,0.55555
1e+14,7.37505,-7.55047,-33.2468,21.047
1e+14,8.08934,-2.42345,-3.3754,-30.2707
1e+14,-4.06091,8.29398,45.4463,16.5455
1e+14,9.14283,3.50372,-15.3691,-8.80908
1e+14,5.32811,9.47774,35.1926,-17.5566
1e+14,-4.44468,-1.81858,-37.9755,45.6642
1e+14,-2.50006,1.53773,-24.0095,-27.2394
1e+14,-7.18035,-0.0637579,23.0005,-30.3169
1e+14,6.8859,-8.69134,42.1032,28.7341
1e+14,3.95851,-9.26672,23.3586,-12.6959
1e+14,-5.46302,3.00535,-28.6371,-3.70841
1e+14,1.57979,-8.44427,-45.0562,40.436
1e+14,8.00688,-8.33461,-14.6096,-43.2534
1e+14,-5.97121,1.83908,1.44737,25.9338
1e+14,-9.15447,0.748297,46.8172,-43.6096
1e+14,0.281311,8.00648,-16.9031,9.46043
1e+14,8.19709,8.45142,24.6986,9.87927
1e+14,3.0167,1.66244,14.9297,22.9854
1e+14,-4.45323,-5.37219,2.94489,-5.33839
1e+14,-0.814837,5.03894,48.1332,-24.7459
1e+14,-7.47656,1.47146,47.5836,37.3632
1e+14,-4.03548,-4.35934,-45.4229,-22.0456
1e+14,4.1023,7.38572,-36.7561,40.5617
1e+14,-5.83626,-9.98394,-40.8418,-28.1626
1e+14,-3.73745,4.59995,-0.665848,9.05464
1e+14,-9.77529,6.66223,-43.1952,18.6679
1e+14,8.92546,-9.70661,-39.755,37.0884
1e+14,0.19958,-5.65547,5.06828,-17.3677
1e+14,8.78126,6.65513,42.8146,-15.723
1e+14,9.46506,-0.702284,-35.8755,40.5335
1e+14,-0.54777,-6.36094,-16.4244,-44.4638
1e+14,-3.80647,4.63294,-41.6845,8.84042
1e+14,-5.83702,-2.75548,29.4487,45.1045
1e+14,3.45827,3.05591,43.0594,-1.45075
1e+14,-1.95216,-9.9706,3.11581,-32.4692
1e+14,-5.87546,-8.81632,20.4991,28.5875
1e+14,3.64208,-7.48937,20.8469,-26.8865
1e+14,-8.39246,7.99286,31.0038,-19.0422
1e+14,7.36678,-6.60423,-20.4675,3.41148
1e+14,-4.74559,0.928588,13.6007,-13.5969
1e+14,-4.29951,-1.9093,33.8983,28.0882
1e+14,1.85873,-0.328876,-47.7579,32.1836
1e+14,1.89505,-9.81995,-37.0187,27.2095
1e+14,6.79496,2.928,-19.4345,-35.4772
1e+14,-4.05029,6.69732,-45.4256,31.4321
1e+14,-7.71596,-2.07671,9.26472,12.2724
1e+14,-4.83253,-0.263787,-16.3783,30.2122
1e+14,-5.13678,6.20051,32.5937,1.74775
1e+14,-1.84095,-0.868329,-40.0544,5.38411
1e+14,-7.68135,-0.478236,29.9325,-24.7896
1e+14,-4.34694,0.964507,11.4127,12.785
1e+14,-8.66885,2.6326,-47.673,-40.6999
1e+14,0.803295,0.988408,30.3172,41.2033
1e+14,-6.7181,8.93289,-39.1348,-37.9029
1e+14,1.46026,2.58888,-24.3449,35.5927
1e+14,0.82418,-8.00644,-43.6411,23.2406
1e+14,-8.60546,8.07428,-21.525,28.6938
1e+14,-7.69832,-5.7339,22.1851,-35.0353
1e+14,6.47171,-9.96004,-48.2523,23.3077
1e+14,-3.44656,-6.35326,8.31462,43.7367
1e+14,2.48584,-0.566003,3.49166,-15.7486
1e+14,-9.95878,2.75906,35.9855,8.38045
1e+14,-5.74966,5.44212,-42.5698,29.0576
1e+14,-7.14439,4.24496,28.581,-39.0513
1e+14,-0.0217056,-4.80421,25.3548,37.8057
1e+14,2.90726,2.30397,-21.8655,5.78417
1e+14,-1.16696,6.86483,14.0231,-12.9473
1e+14,5.37606,-4.59641,-14.2862,-8.50676
1e+14,-6.05478,-2.60899,41.077,-19.452
1e+14,6.92476,4.43624,-46.5916,34.1902
1e+14,-2.67519,-1.8721,-0.776817,44.088
1e+14,-4.91528,8.93858,-21.4866,-24.8066
1e+14,-9.84345,1.19326,-46.0723,-37.5587
1e+14,3.88712,-9.1277,-24.656,6.70075
1e+14,4.46579,-3.473,-46.4458,-14.5581
1e+14,4.68212,-7.59494,46.8722,-19.5321
1e+14,3.22849,1.21429,-40.9316,-37.4537
1e+14,-3.79943,2.92022,43.2081,-1.10186
1e+14,4.73787,9.30473,0.63739,12.6212
1e+14,4.05713,8.17594,23.0824,46.0832
1e+14,5.93029,-9.58738,-35.1458,4.47609
1e+14,-8.9354,2.70566,24.52,8.30935
1e+14,-6.79059,-9.52057,-29.5306,-21.1837
1e+14,-7.03733,3.60599,38.8451,-30.8345
1e+14,-0.672177,2.71525,29.1761,-37.3834
1e+14,-9.30566,-0.272351,-23.5343,-41.5331
1e+14,8.10016,-0.552558,12.9598,15.2818
1e+14,8.60776,-9.43424,-34.2577,30.0972
1e+14,-3.21635,2.82776,-6.65456,-43.102
1e+14,-2.74618,5.00308,30.9342,10.6793
1e+14,5.18208,-4.77852,33.576,11.8478
1e+14,-7.87931,-7.54091,36.7144,-41.021
1e+14,0.780169,-7.7054,-0.100334,13.691
1e+14,-0.406028,-4.11698,-23.6074,30.5526
1e+14,9.68829,-8.86029,29.8367,-34.0484
1e+14,-6.30468,-2.77359,25.4216,-39.8484
1e+14,1.98462,-4.47214,21.358,-35.5977
1e+14,-3.36148,3.6396,-16.049,-36.3608
1e+14,-7.08181,-3.95706,-45.8584,-41.3718
1e+14,6.70169,-4.6515,-31.9077,27.7761
1e+14,-8.76385,5.98674,11.2693,2.5975
1e+14,-4.63521,-3.96519,-3.94482,-0.661816
1e+14,0.690672,8.12277,-14.9548,-45.8378
1e+14,6.51923,8.77651,-2.6526,17.7148
1e+14,-1.06784,-7.12797,34.3061,-16.6243
1e+14,6.78174,0.654105,1.36668,-30.2413
1e+14,-1.333,-3.81622,-32.2629,-42.2566
1e+14,-0.148436,5.24783,4.13674,26.2271
1e+14,-2.22573,-7.9112,1.38086,8.00195
1e+14,-9.63562,-5.84289,-17.732,-21.5058
1e+14,-4.16551,-9.73395,-7.1306,-43.9532
1e+14,0.389022,-1.71549,7.10461,7.1995
1e+14,-1.38436,-7.00965,38.8233,4.00982
1e+14,-0.802663,9.64262,44.1059,-11.6561
1e+14,-1.2887,0.771718,17.4843,-41.8698
1e+14,1.21655,6.47695,-48.6534,-17.9683
1e+14,-6.40102,-1.90601,-9.1482,46.1693
1e+14,-7.83992,-5.59693,28.3853,-27.9609
1e+14,3.52008,1.98216,-37.644,17.4521
1e+14,1.24527,9.21743,-28.8399,-11.7447
1e+14,0.808189,3.23964,-13.443,-36.5917
1e+14,-3.15665,6.21448,42.7877,32.7652
1e+14,-9.79781,8.16602,33.4987,12.5633
1e+14,7.18643,2.29852,31.3083,-1.34254
1e+14,-4.4236,-7.47376,-43.5471,3.96132
1e+14,-9.20312,3.11466,42.625,-1.12727
1e+14,8.81305,0.975762,40.8504,-26.5518
1e+14,-2.11228,-1.11244,-1.74518,-31.1662
1e+14,2.78391,9.17091,16.2532,-31.9085
1e+14,7.64073,-2.21173,-22.4804,-28.7893
1e+14,1.01033,0.610338,37.4407,-33.926
1e+14,6.00337,-1.29367,-10.2542,-41.6416
1e+14,9.54606,0.591497,-13.211,-36.8449
1e+14,4.89158,-7.28528,6.4729,-9.87538
1e+14,6.2558,1.30159,-18.786,-36.4472
1e+14,6.17642,7.0775,-20.5686,4.21437
1e+14,-9.35963,-7.33274,-42.1115,32.5075
1e+14,4.2835,-7.17881,-6.73751,-37.3165
1e+14,-0.770554,9.30803,28.7529,-49.8485
1e+14,8.48205,-2.23666,0.545986,-23.6364
1e+14,-5.15933,7.11028,42.0618,33.1335
1e+14,4.875,-5.89652,12.4183,14.7334
1e+14,1.86346,-0.893732,-13.6941,43.1076
